chrom,pos
2L,21709757
2L,21998404
2L,22092131
2L,22172520
2L,22204082
2L,22529514
2L,22569368
2L,22776292
2L,23719623
2L,2374798
2L,2384860
2L,2385034
2L,2389497
2L,2389896
2L,24200660
2L,24386005
2L,24461947
2L,24480164
2L,24494652
2L,24512938
2L,24607055
2L,24645977
2L,25024521
2L,25368148
2L,25513097
2L,25554747
2L,25637789
2L,25809177
2L,26720754
2L,26909330
2L,27064957
2L,27811780
2L,28143909
2L,28548407
2L,28571525
2L,28572444
2L,28904337
2L,29378917
2L,29401707
2L,29448504
2L,29449565
2L,29449713
2L,29449942
2L,29449965
2L,29450025
2L,29450044
2L,29451673
2L,29452678
2L,29452680
2L,29452740
2L,29488235
2L,30330193
2L,30415828
2L,32001938
2L,32857133
2L,33121777
2L,34334852
2L,34756602
2L,34807587
2L,34820595
2L,35423561
2L,35423563
2L,35476402
2L,35698373
2L,36013713
2L,36553123
2L,37744385
2L,37744387
2L,37744400
2L,37818448
2L,37819292
2L,37855105
2L,38693196
2L,39403389
2L,39494624
2L,39641109
2L,39860474
2L,39967014
2L,39967018
2L,40648560
2L,40841870
2L,40843888
2L,41197281
2L,41275603
2L,41452649
2L,41673943
2L,42075255
2L,42091579
2L,43428201
2L,4565667
2R,10719755
2R,10723108
2R,10909030
2R,10916371
2R,10916434
2R,10917081
2R,10918923
2R,10918943
2R,10925824
2R,10927481
2R,10928171
2R,10937127
2R,10937131
2R,10941762
2R,10944946
2R,10954351
2R,10958097
2R,10959373
2R,10991883
2R,10995007
2R,11008598
2R,11013434
2R,11013448
2R,11013502
2R,11025713
2R,11025813
2R,11025887
2R,11028425
2R,11039099
2R,11046268
2R,11053832
2R,11054148
2R,11058869
2R,11060650
2R,11061172
2R,11061336
2R,11061988
2R,11062911
2R,11063535
2R,11064958
2R,11073678
2R,11074001
2R,11078669
2R,11081873
2R,11090627
2R,11095569
2R,11130145
2R,11137346
2R,11137386
2R,11139646
2R,11139652
2R,11181383
2R,11188976
2R,11190943
2R,11190953
2R,11201793
2R,11201860
2R,11201871
2R,11212250
2R,11212386
2R,11225335
2R,11226115
2R,11228228
2R,11228806
2R,11231863
2R,11254343
2R,11255021
2R,13524966
2R,17308252
2R,17922629
2R,19791565
2R,19794006
2R,19794070
2R,20200098
2R,20220084
2R,20220112
2R,20267731
2R,20334495
2R,23498742
2R,23498745
2R,23798430
2R,23798440
2R,24442919
2R,24489003
2R,24711300
2R,24723850
2R,24791350
2R,25396284
2R,25575562
2R,29177578
2R,29585671
2R,30434538
2R,36285343
2R,38353988
2R,38354658
2R,38365141
2R,38390148
2R,38394152
2R,38394430
2R,38399644
2R,38411760
2R,38413944
2R,38464349
2R,38466263
2R,38466264
2R,42674528
2R,42675239
2R,42712699
2R,4333868
2R,45706937
2R,45707198
2R,46425719
2R,47278519
2R,47720134
2R,47720418
2R,49322639
2R,49393494
2R,49395313
2R,49731799
2R,7061856
2R,7414341
2R,7424190
2R,7550858
2R,7694379
2R,7701299
2R,7705241
2R,7705323
2R,7819384
2R,7819984
2R,7821759
2R,7838060
2R,7850911
2R,7854693
2R,7861295
2R,7861623
2R,7863081
2R,7863102
2R,7865770
2R,7869111
2R,7870750
2R,7874064
2R,7876927
2R,7878015
2R,7924795
2R,7948717
2R,7977871
2R,7979464
2R,7979489
2R,7979842
2R,7979986
2R,7984844
2R,7985010
2R,8003480
2R,8013313
2R,8013329
2R,8018486
2R,8265662
2R,8280819
2R,8398258
2R,8402812
2R,8444549
2R,8468189
2R,8468193
2R,8468200
2R,8499309
2R,8560035
2R,9618675
3L,11142769
3L,11217087
3L,11303942
3L,11305885
3L,11439476
3L,11540240
3L,11548296
3L,11592857
3L,1247639
3L,1247730
3L,5212500
3L,5213291
3L,7034286
3R,107617
3R,259860
3R,280102
3R,280122
3R,280128
3R,280240
3R,280241
3R,29091306
3R,42012
3R,438544
3R,463674
3R,464125
3R,468034
3R,468043
3R,473800
3R,480176
3R,480537
3R,480966
3R,49753131
3R,503609
3R,508611
3R,517687
3R,65409
3R,72907
X,15160474
X,15210404
X,15474603
X,15509974
X,15510022
X,15510051
X,15569573
X,15569592
X,15601955
X,15620644
X,15623680
X,15624956
X,15625928
X,15646224
X,15646606
X,15646698
X,15646766
X,15674002
X,15703542
X,15782370
X,15782386
X,15827391
X,15841754
X,15843370
X,15844198
X,15844209
X,15853703
X,15854841
X,15854983
X,15854984
X,15857597
X,15858951
X,15865952
X,15903429
X,15916425
X,15923075
X,15943173
X,15946821
X,15946826
X,15947627
X,15947671
X,15970392
X,15978392
X,15983608
X,15987771
X,15987832
X,15991920
X,16025265
X,16025331
X,16026808
X,16059873
X,16077175
X,16079631
X,16091526
X,16092201
X,16302820
X,16321518
X,16360201
X,16593045
X,16679769
X,16719977
X,16781853
X,16781935
X,16800411
X,16801725
X,16804431
X,16805466
X,16805751
X,16806300
X,16806721
X,16807826
X,16807951
X,16810248
X,16811218
X,16812758
X,16813045
X,16816165
X,16816586
X,16816918
X,16818073
X,16818204
X,16818651
X,16818696
X,16827065
X,16827071
X,16849566
X,16927544
X,17046985
X,17057720
X,17059473
X,17060067
X,17213062
X,17227933
X,17228123
X,17228236
X,17228463
X,17228472
X,17229341
X,17232303
X,17232907
X,17252322
X,17252602
X,17258360
X,17258533
X,17258614
X,17259234
X,17259243
X,17259299
X,17259780
X,17259793
X,17376272
X,17376966
X,17380721
X,17387333
X,17484821
X,17484932
X,17485078
X,17490297
X,17506926
X,17517732
X,17522537
X,17554674
X,17556645
X,17557226
X,17558483
X,17558710
X,17561725
X,17562085
X,17562705
X,17562880
X,17586305
X,17587304
X,17589498
X,17592862
X,17593185
X,17598295
X,17598330
X,17600917
X,17610053
X,17610268
X,17610453
X,17616825
X,17616917
X,17616961
X,17638538
X,17638560
X,17656885
X,17660442
X,17661243
X,17661984
X,17662080
X,17672031
X,17672131
X,17672557
X,17672858
X,17673204
X,17674222
X,17693840
X,17698432
X,17699683
X,17699979
X,17701315
X,17701681
X,17701767
X,17702466
X,17703902
X,17703917
X,17704511
X,17704711
X,17704803
X,17705069
X,17705194
X,17707865
X,17707969
X,17708303
X,17708506
X,17709021
X,17709312
X,17709521
X,17711567
X,17711619
X,17721290
X,17721331
X,17721449
X,17721664
X,17725833
X,17729244
X,17729770
X,17729783
X,17733490
X,17733684
X,17737199
X,17747047
X,17747113
X,17748387
X,17754134
X,17761268
X,17761642
X,17761799
X,17763141
X,17807676
X,17817289
X,17817489
X,17823984
X,17842667
X,17857599
X,17860365
X,17863466
X,17863471
X,17863474
X,17863952
X,17866602
X,17868518
X,17912273
X,17914720
X,17915666
X,17923114
X,17926249
X,17929572
X,17936362
X,17938765
X,17938872
X,17939322
X,17945294
X,17945789
X,17947837
X,17947888
X,17948045
X,17959882
X,17960030
X,17960231
X,17960797
X,17964181
X,17978866
X,17980335
X,17981156
X,17981600
X,17981975
X,17982021
X,17982191
X,17984495
X,17985138
X,17993419
X,17993869
X,17995487
X,17995902
X,18009251
X,18011930
X,18012099
X,18012507
X,18012717
X,18013323
X,18013362
X,18021309
X,18028884
X,18029682
X,18040313
X,18044607
X,18065966
X,18081652
X,18081860
X,18082147
X,18082184
X,18082192
X,18089698
X,18089782
X,18098525
X,18117613
X,18137403
X,18160485
X,18160527
X,18160706
X,18162170
X,18162178
X,18162445
X,18173376
X,18176825
X,18176830
X,18177080
X,18177151
X,18181252
X,18184991
X,18201933
X,18205003
X,18207341
X,18207351
X,18216156
X,18218870
X,18218871
X,18260913
X,18265752
X,18266329
X,18267241
X,18280192
X,18280525
X,18283490
X,18284397
X,18285415
X,18285477
X,18285892
X,18286179
X,18286915
X,18287167
X,18287699
X,18287757
X,18289402
X,18289485
X,18294983
X,18295639
X,18296328
X,18299585
X,18299588
X,18300025
X,18300677
X,18322343
X,18322698
X,18322964
X,18323006
X,18323638
X,18323642
X,18343675
X,18345265
X,18345272
X,18349149
X,18349247
X,18349251
X,18350001
X,18350073
X,18350951
X,18350979
X,18355893
X,18356071
X,18358940
X,18358985
X,18359371
X,18359925
X,18359926
X,18361672
X,18362794
X,18362859
X,18363036
X,18365135
X,18365479
X,18365640
X,18366951
X,18367775
X,18367976
X,18370019
X,18370642
X,18371592
X,18371595
X,18371754
X,18372256
X,18372852
X,18374268
X,18393275
X,18395331
X,18395348
X,18396133
X,18396346
X,18396351
X,18396352
X,18396355
X,18404866
X,18405644
X,18406516
X,18407672
X,18410312
X,18410544
X,18410765
X,18410940
X,18410941
X,18410968
X,18411220
X,18411648
X,18411700
X,18411703
X,18414115
X,18414196
X,18414414
X,18415090
X,18415830
X,18417331
X,18417333
X,18417414
X,18417550
X,18418099
X,18418311
X,18419070
X,18420798
X,18422620
X,18423455
X,18423843
X,18423861
X,18424989
X,18425849
X,18431401
X,18436825
X,18437909
X,18437913
X,18440957
X,18444148
X,18444751
X,18444908
X,18444918
X,18444975
X,18445028
X,18445886
X,18446013
X,18446581
X,18447567
X,18447619
X,18449055
X,18449153
X,18449186
X,18449817
X,18450792
X,18451087
X,18451154
X,18451197
X,18451210
X,18451257
X,18451490
X,18452885
X,18453288
X,18453391
X,18453736
X,18455326
X,18455635
X,18456079
X,18456287
X,18456817
X,18456841
X,18458252
X,18458731
X,18458828
X,18459156
X,18459502
X,18462097
X,18463207
X,18463308
X,18463365
X,18463490
X,18463886
X,18464408
X,18466298
X,18466492
X,18466495
X,18469181
X,18469549
X,18469551
X,18471640
X,18471669
X,18472238
X,18472255
X,18473047
X,18473778
X,18474027
X,18474850
X,18476327
X,18476373
X,18476534
X,18476977
X,18476985
X,18476987
X,18478671
X,18480490
X,18481933
X,18483223
X,18483308
X,18484053
X,18484182
X,18484224
X,18488681
X,18488749
X,18489026
X,18491701
X,18491717
X,18493883
X,18493976
X,18494213
X,18494353
X,18494357
X,18494378
X,18495622
X,18495811
X,18495958
X,18496132
X,18497277
X,18501270
X,18503755
X,18504905
X,18510959
X,18511031
X,18511225
X,18513032
X,18513474
X,18514047
X,18514051
X,18514164
X,18514224
X,18514447
X,18514593
X,18515346
X,18515439
X,18515721
X,18515913
X,18518241
X,18518277
X,18518760
X,18519501
X,18520230
X,18523576
X,18524477
X,18527990
X,18528691
X,18528802
X,18531158
X,18531596
X,18531720
X,18531765
X,18532242
X,18536225
X,18538678
X,18541477
X,18541762
X,18542536
X,18544427
X,18545950
X,18557542
X,18558173
X,18561007
X,18562136
X,18562603
X,18563471
X,18569903
X,18571207
X,18573668
X,18575180
X,18576340
X,18588451
X,18588455
X,18589584
X,18598784
X,18600439
X,18600618
X,18601285
X,18601588
X,18602325
X,18602474
X,18604826
X,18613698
X,18613828
X,18615758
X,18616815
X,18617498
X,18617712
X,18620756
X,18620768
X,18620865
X,18632137
X,18632182
X,18632950
X,18633609
X,18651741
X,18654984
X,18657121
X,18657630
X,18659267
X,18660972
X,18664370
X,18664588
X,18664666
X,18666227
X,18666995
X,18673482
X,18673739
X,18673754
X,18674261
X,18674676
X,18677813
X,18678039
X,18678153
X,18678193
X,18678405
X,18679901
X,18680409
X,18680615
X,18680865
X,18680955
X,18681025
X,18683919
X,18684033
X,18684059
X,18684074
X,18684397
X,18685487
X,18685503
X,18686092
X,18686248
X,18686263
X,18691201
X,18692146
X,18696987
X,18697103
X,18697248
X,18697528
X,18697633
X,18700524
X,18700835
X,18701389
X,18706873
X,18708089
X,18709274
X,18709823
X,18711114
X,18712127
X,18714418
X,18717581
X,18717984
X,18719975
X,18720555
X,18721229
X,18722391
X,18723318
X,18723319
X,18731084
X,18732416
X,18734667
X,18738443
X,18745969
X,18748957
X,18749127
X,18750865
X,18751643
X,18752121
X,18752324
X,18752769
X,18752869
X,18752965
X,18754104
X,18754801
X,18754852
X,18756001
X,18756211
X,18756257
X,18756294
X,18757223
X,18757384
X,18758205
X,18760003
X,18760826
X,18760899
X,18761304
X,18761447
X,18761470
X,18762002
X,18762033
X,18762100
X,18762446
X,18762628
X,18765008
X,18771936
X,18775407
X,18775737
X,18778971
X,18780645
X,18781106
X,18803842
X,18804532
X,18805461
X,18819179
X,18819180
X,18819647
X,18820554
X,18821558
X,18822947
X,18824229
X,18824828
X,18826844
X,18827092
X,18827489
X,18829303
X,18830245
X,18830342
X,18830494
X,18831137
X,18834218
X,18834611
X,18840357
X,18841378
X,18843153
X,18845783
X,18847288
X,18848011
X,18853094
X,18853264
X,18858421
X,18858436
X,18858464
X,18859355
X,18859503
X,18859685
X,18860864
X,18861908
X,18863055
X,18863286
X,18863595
X,18867259
X,18867865
X,18871824
X,18881837
X,18883085
X,18883147
X,18883338
X,18883397
X,18883623
X,18885046
X,18886742
X,18886936
X,18886965
X,18887060
X,18887274
X,18887377
X,18887443
X,18887506
X,18887675
X,18887699
X,18887784
X,18887785
X,18887949
X,18889563
X,18889655
X,18890328
X,18893850
X,18893929
X,18894061
X,18894139
X,18894276
X,18894783
X,18902632
X,18904824
X,18905567
X,18906242
X,18906314
X,18913801
X,18915142
X,18915599
X,18915730
X,18917113
X,18921585
X,18927923
X,18928243
X,18939971
X,18940988
X,18941015
X,18941074
X,18941341
X,18941939
X,18942196
X,18942370
X,18942390
X,18942991
X,18981635
X,18984797
X,18984893
X,18985020
X,18985260
X,18993600
X,18993699
X,18993720
X,18993813
X,18997405
X,18999212
X,19000637
X,19000638
X,19001155
X,19001542
X,19002244
X,19005798
X,19006703
X,19006707
X,19006767
X,19007579
X,19008658
X,19053317
X,19053615
X,19053731
X,19054327
X,19055761
X,19056724
X,19056872
X,19056873
X,19057038
X,19057266
X,19057285
X,19059312
X,19065841
X,19066005
X,19066133
X,19125064
X,19125080
X,19125173
X,19125255
X,19125690
X,19126135
X,19129069
X,19129105
X,19129577
X,19129739
X,19129785
X,19130062
X,19130308
X,19130494
X,19130909
X,19132934
X,19133211
X,19133399
X,19135079
X,19135481
X,19135609
X,19137681
X,19137993
X,19138129
X,19138176
X,19138316
X,19138398
X,19138512
X,19138586
X,19139150
X,19139408
X,19139652
X,19139669
X,19140187
X,19141382
X,19141533
X,19142159
X,19142296
X,19142901
X,19143058
X,19143335
X,19144282
X,19144358
X,19144667
X,19148745
X,19152370
X,19152686
X,19153952
X,19159365
X,19159373
X,19159816
X,19160717
X,19161411
X,19162523
X,19162763
X,19162896
X,19163057
X,19163086
X,19163231
X,19163357
X,19163484
X,19163604
X,19163826
X,19164099
X,19164739
X,19165554
X,19165701
X,19165884
X,19166008
X,19166208
X,19174030
X,19174276
X,19175818
X,19179727
X,19179805
X,19179858
X,19179893
X,19180012
X,19195890
X,19201659
X,19204835
X,19207277
X,19210042
X,19211334
X,19211945
X,19211953
X,19212329
X,19212530
X,19212535
X,19212750
X,19212902
X,19213396
X,19213456
X,19214036
X,19214951
X,19215622
X,19215724
X,19220929
X,19221079
X,19221320
X,19221502
X,19249025
X,19249932
X,19250342
X,19251552
X,19251723
X,19252993
X,19253484
X,19254149
X,19279768
X,19279862
X,19279925
X,19279959
X,19282863
X,19282948
X,19292885
X,19292889
X,19292935
X,19293600
X,19293846
X,19299943
X,19299945
X,19300313
X,19300779
X,19305131
X,19305628
X,19308663
X,19308905
X,19455016
X,19455826
X,19456266
X,19457746
X,19493869
X,19508757
X,19509077
X,19511722
X,19513815
X,19513816
X,19521862
X,19521962
X,19522947
X,19523876
X,19523922
X,19524297
X,19524487
X,19524560
X,19533828
X,19534331
X,19534634
X,19534988
X,19536622
X,19542929
X,19543532
X,19545273
X,19545470
X,19567430
X,19567827
X,19569839
X,19570081
X,19607921
X,19614026
X,19614256
X,19614266
X,19624191
X,19630571
X,19630709
X,19635903
X,19635936
X,19636043
X,19636265
X,19637026
X,19640705
X,19642826
X,19643184
X,19655311
X,19656901
X,19658285
X,19658326
X,19658375
X,19658379
X,19658441
X,19658486
X,19658604
X,19658751
X,19658761
X,19659089
X,19704989
X,19712866
X,19715308
X,19716756
X,19737928
X,19768292
X,19777672
X,19789228
X,19798125
X,19832317
X,19832775
X,19837437
X,19849545
X,19850268
X,19851008
X,19865211
X,19909690
X,19917763
X,19920785
X,19920815
X,19924156
X,19925122
X,19925283
X,19925402
X,19927437
X,19927441
X,19927909
X,19929597
X,19930231
X,19934112
X,19934115
X,19934213
X,19936066
X,19936317
X,19936493
X,19940516
X,19941538
X,19941564
X,19964150
X,19964483
X,19966433
X,19966726
X,19967134
X,19967137
X,19968883
X,19969290
X,19970267
X,19970339
X,19970588
X,19971610
X,19971634
X,19971994
X,19972120
X,19972369
X,19972659
X,19972786
X,19972849
X,19972867
X,19972887
X,19973069
X,19975747
X,19975775
X,19975982
X,19976181
X,19976279
X,19976379
X,19977111
X,19977993
X,19978397
X,19979013
X,19982810
X,19982927
X,19983056
X,19983460
X,19983497
X,19984071
X,19988457
X,19992257
X,20005406
X,20015839
X,20017328
X,20017329
X,20019474
X,20052815
X,20052892
X,20078825
X,20078839
X,20099089
X,20099377
X,20102522
X,20108979
X,20109271
X,20142534
X,20144317
X,20154064
X,20231246
X,20232906
X,20233027
X,20386967
X,20414016
X,20440830
X,20485931
X,20486201
X,20681134
X,20692090
X,20747067
X,20970914
X,20996256
X,21010158
X,21027770
X,21033740
X,21034461
X,21036128
X,21052330
X,21054716
X,21064100
X,21095227
X,21100956
X,21103418
X,21116028
X,21116466
X,21158368
X,21164565
X,21257016
X,21318881
X,21325283
X,21328085
X,21328348
X,21329189
X,21334834
X,21341282
X,21344480
X,21346911
X,21349307
X,21350035
X,21351484
X,21361599
X,21406196
X,21406411
X,21406610
X,21406719
X,21412031
X,21412032
X,21445716
X,21447512
X,21570221
X,21572608
X,21572727
X,21573361
X,21575971
X,21580737
X,21587112
X,21594388
X,21596560
X,21607651
X,21614274
X,21615042
X,21624245
X,21626256
X,21637600
X,21638460
X,21649006
X,21673360
X,21707571
X,21717765
X,21730634
X,21804653
X,22106268
X,22106757
X,22116261
X,22134609
X,22135774
X,22179818
X,22186330
X,22228269
X,22229003
X,22231768
X,22236887
X,22282822
X,22294200
X,22294209
X,22315282
X,22316000
X,22326657
X,22326734
X,22326906
X,22339557
X,22440716
X,22450285
X,22453885
X,22457925
X,22475989
X,22503380
X,22522499
X,22560278
X,22766262
X,22784440
X,22784465
X,22784683
X,22786536
X,22809408
X,22812010
X,22847885
X,22946769
X,22947145
X,22950349
X,22951244
X,22951891
X,22952329
X,22955304
X,23215842
X,23216129
X,23216575
X,23217754
X,23219739
X,23221276
X,23221525
X,23222531
X,23241053
X,23241759
X,23253825
X,23259561
X,23259734
X,23259735
X,23260727
X,23269287
X,23269391
X,23299024
X,23468436
X,23475431
X,23499461
X,23510107
X,23510586
X,23512674
X,23516500
X,23557428
X,23557442
X,23565812
X,23565882
X,23565911
X,23566856
X,23567100
X,23567249
X,23567725
X,23567938
X,23569090
X,23569560
X,23570762
X,23571360
X,23575196
X,23575347
X,23575537
X,23575544
X,23575873
X,23575977
X,23576221
X,23576278
X,23576289
X,23576407
X,23576579
X,23589228
X,23590840
X,23590963
X,23590996
X,23591029
X,23591045
X,23591233
X,23592154
X,23593014
X,23593084
X,23593150
X,23593364
X,23600372
X,23852750
X,23966659
X,24086805
X,24094749
X,24095441
X,24115650
X,24117566
X,24121476
X,24129580
X,24132797
X,24229953
X,24230668
X,24243834
X,24244285
X,24245634
X,24245653
X,24245732
X,24247107
X,24248322
X,24249514
X,24250966
X,24253827
X,24253864
X,24254784
X,24255864
X,24258974
X,24260846
X,24263909
X,24266156
X,24266852
X,24267353
X,24268010
X,24268011
X,24316554
X,24316617
X,81844
X,9170068
X,9170087
