"","id","order"
"1","2L 10934924",72480029
"2","2L 10944516",72489621
"3","2L 14421854",75966959
"4","2L 14457211",76002316
"5","2L 14458992",76004097
"6","2L 14741887",76286992
"7","2L 14745354",76290459
"8","2L 14747353",76292458
"9","2L 14749717",76294822
"10","2L 14751567",76296672
"11","2L 14756586",76301691
"12","2L 14759910",76305015
"13","2L 14761003",76306108
"14","2L 14761010",76306115
"15","2L 14762848",76307953
"16","2L 14770426",76315531
"17","2L 14867568",76412673
"18","2L 15275423",76820528
"19","2L 15277173",76822278
"20","2L 15277504",76822609
"21","2L 15279536",76824641
"22","2L 15288732",76833837
"23","2L 15351913",76897018
"24","2L 15443713",76988818
"25","2L 15463838",77008943
"26","2L 15471940",77017045
"27","2L 15472682",77017787
"28","2L 15558253",77103358
"29","2L 15592269",77137374
"30","2L 15594167",77139272
"31","2L 15603398",77148503
"32","2L 15732470",77277575
"33","2L 15745796",77290901
"34","2L 15746055",77291160
"35","2L 15808211",77353316
"36","2L 15836958",77382063
"37","2L 15945680",77490785
"38","2L 15947121",77492226
"39","2L 15998632",77543737
"40","2L 16012303",77557408
"41","2L 16012451",77557556
"42","2L 16013316",77558421
"43","2L 16237180",77782285
"44","2L 16300853",77845958
"45","2L 16307111",77852216
"46","2L 16321335",77866440
"47","2L 16837031",78382136
"48","2L 16837093",78382198
"49","2L 16871312",78416417
"50","2L 16903708",78448813
"51","2L 16931163",78476268
"52","2L 16931216",78476321
"53","2L 17617772",79162877
"54","2L 18080839",79625944
"55","2L 18969269",80514374
"56","2L 18970006",80515111
"57","2L 20546192",82091297
"58","2L 20629290",82174395
"59","2L 20726654",82271759
"60","2L 20736975",82282080
"61","2L 20737387",82282492
"62","2L 20758358",82303463
"63","2L 20816241",82361346
"64","2L 20985959",82531064
"65","2L 21303515",82848620
"66","2L 21478217",83023322
"67","2L 21516021",83061126
"68","2L 21516027",83061132
"69","2L 21599122",83144227
"70","2L 21620190",83165295
"71","2L 21620324",83165429
"72","2L 21779347",83324452
"73","2L 21822032",83367137
"74","2L 21822042",83367147
"75","2L 21867927",83413032
"76","2L 21901650",83446755
"77","2L 21984681",83529786
"78","2L 22030406",83575511
"79","2L 22130450",83675555
"80","2L 22203885",83748990
"81","2L 22257010",83802115
"82","2L 22271241",83816346
"83","2L 22281189",83826294
"84","2L 22284445",83829550
"85","2L 22285275",83830380
"86","2L 22366274",83911379
"87","2L 22366399",83911504
"88","2L 24753200",86298305
"89","2L 24753226",86298331
"90","2L 24753569",86298674
"91","2L 24789955",86335060
"92","2L 24915409",86460514
"93","2L 24926016",86471121
"94","2L 24941912",86487017
"95","2L 24941919",86487024
"96","2L 24944221",86489326
"97","2L 24944438",86489543
"98","2L 24971613",86516718
"99","2L 25007650",86552755
"100","2L 25010461",86555566
"101","2L 25019572",86564677
"102","2L 25059476",86604581
"103","2L 25073509",86618614
"104","2L 25137048",86682153
"105","2L 25172754",86717859
"106","2L 25248094",86793199
"107","2L 25255340",86800445
"108","2L 25256476",86801581
"109","2L 25257028",86802133
"110","2L 25258213",86803318
"111","2L 25258844",86803949
"112","2L 25258851",86803956
"113","2L 26144644",87689749
"114","2L 2623443",64168548
"115","2L 27307457",88852562
"116","2L 27381053",88926158
"117","2L 27811836",89356941
"118","2L 27820208",89365313
"119","2L 28034350",89579455
"120","2L 2811414",64356519
"121","2L 28277779",89822884
"122","2L 30242271",91787376
"123","2L 30267879",91812984
"124","2L 30273215",91818320
"125","2L 3057875",64602980
"126","2L 3122145",64667250
"127","2L 3123029",64668134
"128","2L 3154488",64699593
"129","2L 31563546",93108651
"130","2L 3175444",64720549
"131","2L 3177150",64722255
"132","2L 3193925",64739030
"133","2L 31994328",93539433
"134","2L 32039208",93584313
"135","2L 3209123",64754228
"136","2L 32204235",93749340
"137","2L 3231382",64776487
"138","2L 3238010",64783115
"139","2L 3248216",64793321
"140","2L 3248688",64793793
"141","2L 3250431",64795536
"142","2L 3260561",64805666
"143","2L 32882904",94428009
"144","2L 32885136",94430241
"145","2L 3306818",64851923
"146","2L 3309425",64854530
"147","2L 3316957",64862062
"148","2L 3316998",64862103
"149","2L 33351194",94896299
"150","2L 34113826",95658931
"151","2L 34115335",95660440
"152","2L 34447495",95992600
"153","2L 34451099",95996204
"154","2L 34458878",96003983
"155","2L 34494510",96039615
"156","2L 34497300",96042405
"157","2L 34540192",96085297
"158","2L 34547492",96092597
"159","2L 34564900",96110005
"160","2L 3457584",65002689
"161","2L 34581667",96126772
"162","2L 34590062",96135167
"163","2L 34593154",96138259
"164","2L 34596509",96141614
"165","2L 34597668",96142773
"166","2L 34610642",96155747
"167","2L 34656112",96201217
"168","2L 34796197",96341302
"169","2L 35259679",96804784
"170","2L 36205377",97750482
"171","2L 36256011",97801116
"172","2L 36256155",97801260
"173","2L 36257006",97802111
"174","2L 36257262",97802367
"175","2L 36257279",97802384
"176","2L 36257413",97802518
"177","2L 36258565",97803670
"178","2L 36475586",98020691
"179","2L 36653484",98198589
"180","2L 3678344",65223449
"181","2L 3678410",65223515
"182","2L 38018981",99564086
"183","2L 38019084",99564189
"184","2L 38019526",99564631
"185","2L 38019752",99564857
"186","2L 3826867",65371972
"187","2L 3826914",65372019
"188","2L 3826940",65372045
"189","2L 38511502",100056607
"190","2L 38557056",100102161
"191","2L 38572906",100118011
"192","2L 3858680",65403785
"193","2L 3859801",65404906
"194","2L 3864867",65409972
"195","2L 38905319",100450424
"196","2L 39263512",100808617
"197","2L 39508708",101053813
"198","2L 39797424",101342529
"199","2L 39800681",101345786
"200","2L 39806126",101351231
"201","2L 39854381",101399486
"202","2L 39895071",101440176
"203","2L 39895847",101440952
"204","2L 39898065",101443170
"205","2L 39898297",101443402
"206","2L 39915307",101460412
"207","2L 39938345",101483450
"208","2L 39938612",101483717
"209","2L 39956642",101501747
"210","2L 40665067",102210172
"211","2L 40677811",102222916
"212","2L 40803280",102348385
"213","2L 40854796",102399901
"214","2L 41705933",103251038
"215","2L 41739509",103284614
"216","2L 42072537",103617642
"217","2L 42278254",103823359
"218","2L 42306780",103851885
"219","2L 42326946",103872051
"220","2L 42326957",103872062
"221","2L 42330864",103875969
"222","2L 42331022",103876127
"223","2L 42331222",103876327
"224","2L 42332346",103877451
"225","2L 42332437",103877542
"226","2L 42342364",103887469
"227","2L 42351314",103896419
"228","2L 42382429",103927534
"229","2L 42564217",104109322
"230","2L 42788229",104333334
"231","2L 42986363",104531468
"232","2L 43009361",104554466
"233","2L 43012999",104558104
"234","2L 43014973",104560078
"235","2L 43063127",104608232
"236","2L 43381879",104926984
"237","2L 43385896",104931001
"238","2L 43388289",104933394
"239","2L 43401118",104946223
"240","2L 43401227",104946332
"241","2L 43680674",105225779
"242","2L 43680835",105225940
"243","2L 43680879",105225984
"244","2L 43680946",105226051
"245","2L 43680981",105226086
"246","2L 43681105",105226210
"247","2L 43681537",105226642
"248","2L 46159971",107705076
"249","2L 46159972",107705077
"250","2L 46202426",107747531
"251","2L 46218078",107763183
"252","2L 46218138",107763243
"253","2L 46241173",107786278
"254","2L 46245735",107790840
"255","2L 46258709",107803814
"256","2L 46741053",108286158
"257","2L 47671696",109216801
"258","2L 47915495",109460600
"259","2L 48529986",110075091
"260","2L 48813830",110358935
"261","2L 6497950",68043055
"262","2L 7024149",68569254
"263","2L 9924357",71469462
"264","2R 10869363",10869363
"265","2R 11835123",11835123
"266","2R 12871170",12871170
"267","2R 12891927",12891927
"268","2R 12899405",12899405
"269","2R 12900628",12900628
"270","2R 12944585",12944585
"271","2R 12945815",12945815
"272","2R 12946397",12946397
"273","2R 12946525",12946525
"274","2R 12946720",12946720
"275","2R 12946817",12946817
"276","2R 12946903",12946903
"277","2R 12946904",12946904
"278","2R 12946905",12946905
"279","2R 12980530",12980530
"280","2R 13002123",13002123
"281","2R 13022274",13022274
"282","2R 13022471",13022471
"283","2R 13058168",13058168
"284","2R 13944040",13944040
"285","2R 13977791",13977791
"286","2R 14438601",14438601
"287","2R 14438605",14438605
"288","2R 17537942",17537942
"289","2R 17599770",17599770
"290","2R 17915985",17915985
"291","2R 18105122",18105122
"292","2R 18706564",18706564
"293","2R 19059676",19059676
"294","2R 19073606",19073606
"295","2R 19073763",19073763
"296","2R 19074656",19074656
"297","2R 19074736",19074736
"298","2R 19076091",19076091
"299","2R 19076097",19076097
"300","2R 19076502",19076502
"301","2R 19076685",19076685
"302","2R 19081915",19081915
"303","2R 19088508",19088508
"304","2R 19122292",19122292
"305","2R 1955715",1955715
"306","2R 19599602",19599602
"307","2R 19600137",19600137
"308","2R 19659323",19659323
"309","2R 19660549",19660549
"310","2R 19709069",19709069
"311","2R 19748299",19748299
"312","2R 19748315",19748315
"313","2R 19766675",19766675
"314","2R 19773853",19773853
"315","2R 19779574",19779574
"316","2R 19806440",19806440
"317","2R 19851195",19851195
"318","2R 19904610",19904610
"319","2R 19912982",19912982
"320","2R 19925295",19925295
"321","2R 19928374",19928374
"322","2R 19938389",19938389
"323","2R 19959027",19959027
"324","2R 19965935",19965935
"325","2R 20039336",20039336
"326","2R 20039353",20039353
"327","2R 20039366",20039366
"328","2R 20051798",20051798
"329","2R 20054544",20054544
"330","2R 20100272",20100272
"331","2R 2011337",2011337
"332","2R 20123780",20123780
"333","2R 20127174",20127174
"334","2R 20127860",20127860
"335","2R 20128175",20128175
"336","2R 20128317",20128317
"337","2R 20144247",20144247
"338","2R 20185328",20185328
"339","2R 20197286",20197286
"340","2R 20199596",20199596
"341","2R 20200098",20200098
"342","2R 20203116",20203116
"343","2R 20216220",20216220
"344","2R 2022575",2022575
"345","2R 20229928",20229928
"346","2R 20234379",20234379
"347","2R 20240451",20240451
"348","2R 20247651",20247651
"349","2R 20414164",20414164
"350","2R 20482013",20482013
"351","2R 20722346",20722346
"352","2R 20744840",20744840
"353","2R 20789897",20789897
"354","2R 20830388",20830388
"355","2R 21294773",21294773
"356","2R 21449883",21449883
"357","2R 21453637",21453637
"358","2R 21568469",21568469
"359","2R 21879080",21879080
"360","2R 21990696",21990696
"361","2R 22293586",22293586
"362","2R 22942292",22942292
"363","2R 22948653",22948653
"364","2R 23010682",23010682
"365","2R 23025415",23025415
"366","2R 23168254",23168254
"367","2R 23168258",23168258
"368","2R 23170542",23170542
"369","2R 23170622",23170622
"370","2R 23181995",23181995
"371","2R 23248539",23248539
"372","2R 24404091",24404091
"373","2R 24404180",24404180
"374","2R 24535885",24535885
"375","2R 24535889",24535889
"376","2R 24539636",24539636
"377","2R 24539637",24539637
"378","2R 24540615",24540615
"379","2R 24543698",24543698
"380","2R 24544647",24544647
"381","2R 24544657",24544657
"382","2R 24758768",24758768
"383","2R 24854305",24854305
"384","2R 25033805",25033805
"385","2R 25091537",25091537
"386","2R 25108615",25108615
"387","2R 25109611",25109611
"388","2R 25271446",25271446
"389","2R 25592306",25592306
"390","2R 25614950",25614950
"391","2R 25890942",25890942
"392","2R 25890945",25890945
"393","2R 25890947",25890947
"394","2R 25924943",25924943
"395","2R 25945188",25945188
"396","2R 25982702",25982702
"397","2R 25984234",25984234
"398","2R 26259109",26259109
"399","2R 26371581",26371581
"400","2R 26380901",26380901
"401","2R 26446866",26446866
"402","2R 26654204",26654204
"403","2R 26660389",26660389
"404","2R 26702903",26702903
"405","2R 27980562",27980562
"406","2R 28045726",28045726
"407","2R 28090380",28090380
"408","2R 28379156",28379156
"409","2R 28405107",28405107
"410","2R 28464374",28464374
"411","2R 28477007",28477007
"412","2R 28509744",28509744
"413","2R 28578200",28578200
"414","2R 28665021",28665021
"415","2R 28970789",28970789
"416","2R 29031066",29031066
"417","2R 29465126",29465126
"418","2R 29465325",29465325
"419","2R 29465734",29465734
"420","2R 29479720",29479720
"421","2R 29479897",29479897
"422","2R 29494011",29494011
"423","2R 29500251",29500251
"424","2R 29500325",29500325
"425","2R 29500421",29500421
"426","2R 29503261",29503261
"427","2R 29505571",29505571
"428","2R 29508179",29508179
"429","2R 29508285",29508285
"430","2R 29508353",29508353
"431","2R 29515778",29515778
"432","2R 29655793",29655793
"433","2R 3061040",3061040
"434","2R 32446494",32446494
"435","2R 34365672",34365672
"436","2R 34376849",34376849
"437","2R 36022845",36022845
"438","2R 3965570",3965570
"439","2R 40634198",40634198
"440","2R 40645860",40645860
"441","2R 40784014",40784014
"442","2R 40792542",40792542
"443","2R 40792646",40792646
"444","2R 40815859",40815859
"445","2R 40869162",40869162
"446","2R 5513271",5513271
"447","2R 5527785",5527785
"448","2R 6300736",6300736
"449","2R 6870339",6870339
"450","2R 6871591",6871591
"451","2R 7106245",7106245
"452","2R 7168138",7168138
"453","2R 7199475",7199475
"454","2R 7205697",7205697
"455","2R 7391197",7391197
"456","2R 7395649",7395649
"457","2R 7425096",7425096
"458","2R 9221569",9221569
"459","2R 9221580",9221580
"460","3L 1013829",165123943
"461","3L 1014036",165124150
"462","3L 10285617",174395731
"463","3L 10386932",174497046
"464","3L 10393112",174503226
"465","3L 10413438",174523552
"466","3L 10429259",174539373
"467","3L 10437005",174547119
"468","3L 10474713",174584827
"469","3L 10493603",174603717
"470","3L 10493712",174603826
"471","3L 10506741",174616855
"472","3L 10509068",174619182
"473","3L 10638886",174749000
"474","3L 10638896",174749010
"475","3L 10638899",174749013
"476","3L 10653477",174763591
"477","3L 10886088",174996202
"478","3L 10887615",174997729
"479","3L 10889445",174999559
"480","3L 10889540",174999654
"481","3L 10889699",174999813
"482","3L 10893568",175003682
"483","3L 10893891",175004005
"484","3L 10907237",175017351
"485","3L 10941889",175052003
"486","3L 10943094",175053208
"487","3L 10943205",175053319
"488","3L 10953898",175064012
"489","3L 11009391",175119505
"490","3L 11009796",175119910
"491","3L 11086131",175196245
"492","3L 11088447",175198561
"493","3L 11089038",175199152
"494","3L 11095612",175205726
"495","3L 11117112",175227226
"496","3L 11118269",175228383
"497","3L 11119230",175229344
"498","3L 11119896",175230010
"499","3L 11119915",175230029
"500","3L 11123112",175233226
"501","3L 11123317",175233431
"502","3L 11123582",175233696
"503","3L 11123842",175233956
"504","3L 11123869",175233983
"505","3L 11126086",175236200
"506","3L 11126211",175236325
"507","3L 11128291",175238405
"508","3L 11129200",175239314
"509","3L 11129420",175239534
"510","3L 11130776",175240890
"511","3L 11130795",175240909
"512","3L 11131083",175241197
"513","3L 11131446",175241560
"514","3L 11131518",175241632
"515","3L 11131556",175241670
"516","3L 11131567",175241681
"517","3L 11131605",175241719
"518","3L 11131614",175241728
"519","3L 11133231",175243345
"520","3L 11133297",175243411
"521","3L 11133310",175243424
"522","3L 11134435",175244549
"523","3L 11136859",175246973
"524","3L 11137642",175247756
"525","3L 11137737",175247851
"526","3L 11138523",175248637
"527","3L 11138646",175248760
"528","3L 11139596",175249710
"529","3L 11141099",175251213
"530","3L 11141474",175251588
"531","3L 11141672",175251786
"532","3L 11141732",175251846
"533","3L 11144455",175254569
"534","3L 11146033",175256147
"535","3L 11146034",175256148
"536","3L 11146219",175256333
"537","3L 11146487",175256601
"538","3L 11148637",175258751
"539","3L 11149051",175259165
"540","3L 11190562",175300676
"541","3L 11190640",175300754
"542","3L 11190978",175301092
"543","3L 11197864",175307978
"544","3L 11197923",175308037
"545","3L 11197951",175308065
"546","3L 11198363",175308477
"547","3L 11198422",175308536
"548","3L 11198470",175308584
"549","3L 11204298",175314412
"550","3L 11204330",175314444
"551","3L 11205026",175315140
"552","3L 11205037",175315151
"553","3L 11213955",175324069
"554","3L 11214323",175324437
"555","3L 11214908",175325022
"556","3L 11215905",175326019
"557","3L 11216182",175326296
"558","3L 11217147",175327261
"559","3L 11217263",175327377
"560","3L 11218225",175328339
"561","3L 11219088",175329202
"562","3L 11219708",175329822
"563","3L 11219709",175329823
"564","3L 11219986",175330100
"565","3L 11221022",175331136
"566","3L 11240420",175350534
"567","3L 11240795",175350909
"568","3L 11241338",175351452
"569","3L 11242629",175352743
"570","3L 11244389",175354503
"571","3L 11244470",175354584
"572","3L 11246500",175356614
"573","3L 11249876",175359990
"574","3L 11250605",175360719
"575","3L 11252720",175362834
"576","3L 11261377",175371491
"577","3L 11262008",175372122
"578","3L 11269933",175380047
"579","3L 11271757",175381871
"580","3L 11296767",175406881
"581","3L 11296772",175406886
"582","3L 11303942",175414056
"583","3L 11305747",175415861
"584","3L 11305885",175415999
"585","3L 11306043",175416157
"586","3L 11307612",175417726
"587","3L 11313518",175423632
"588","3L 11316449",175426563
"589","3L 11329642",175439756
"590","3L 11329762",175439876
"591","3L 11330864",175440978
"592","3L 11331858",175441972
"593","3L 11332415",175442529
"594","3L 11334697",175444811
"595","3L 11336915",175447029
"596","3L 11336995",175447109
"597","3L 11340096",175450210
"598","3L 11353972",175464086
"599","3L 11362379",175472493
"600","3L 11393373",175503487
"601","3L 11393420",175503534
"602","3L 11400086",175510200
"603","3L 11400830",175510944
"604","3L 11401272",175511386
"605","3L 11439476",175549590
"606","3L 11453344",175563458
"607","3L 11457468",175567582
"608","3L 11539762",175649876
"609","3L 11540240",175650354
"610","3L 11541331",175651445
"611","3L 11541358",175651472
"612","3L 11541576",175651690
"613","3L 11546197",175656311
"614","3L 11547013",175657127
"615","3L 11548178",175658292
"616","3L 11548296",175658410
"617","3L 11558761",175668875
"618","3L 11584246",175694360
"619","3L 11584415",175694529
"620","3L 11584767",175694881
"621","3L 11585542",175695656
"622","3L 11587441",175697555
"623","3L 11590859",175700973
"624","3L 11591221",175701335
"625","3L 11591273",175701387
"626","3L 11591276",175701390
"627","3L 11591286",175701400
"628","3L 11591317",175701431
"629","3L 11591490",175701604
"630","3L 11591569",175701683
"631","3L 11591900",175702014
"632","3L 11592016",175702130
"633","3L 11592775",175702889
"634","3L 11592857",175702971
"635","3L 11592941",175703055
"636","3L 11592984",175703098
"637","3L 11592996",175703110
"638","3L 11593033",175703147
"639","3L 11593057",175703171
"640","3L 11593158",175703272
"641","3L 11593270",175703384
"642","3L 11593332",175703446
"643","3L 11593513",175703627
"644","3L 11593543",175703657
"645","3L 11593667",175703781
"646","3L 11593718",175703832
"647","3L 11593817",175703931
"648","3L 11593841",175703955
"649","3L 11622091",175732205
"650","3L 11622410",175732524
"651","3L 11622428",175732542
"652","3L 11630806",175740920
"653","3L 11640950",175751064
"654","3L 11641168",175751282
"655","3L 11642097",175752211
"656","3L 11642718",175752832
"657","3L 11645749",175755863
"658","3L 11646281",175756395
"659","3L 11646383",175756497
"660","3L 11646403",175756517
"661","3L 11646867",175756981
"662","3L 11646941",175757055
"663","3L 11647017",175757131
"664","3L 11647144",175757258
"665","3L 11647191",175757305
"666","3L 11647206",175757320
"667","3L 11647214",175757328
"668","3L 11653789",175763903
"669","3L 11656625",175766739
"670","3L 11656930",175767044
"671","3L 11657104",175767218
"672","3L 11657705",175767819
"673","3L 11657959",175768073
"674","3L 11657960",175768074
"675","3L 11658025",175768139
"676","3L 11662272",175772386
"677","3L 11665631",175775745
"678","3L 11665913",175776027
"679","3L 11666651",175776765
"680","3L 11666801",175776915
"681","3L 11666848",175776962
"682","3L 11667670",175777784
"683","3L 11677574",175787688
"684","3L 11677757",175787871
"685","3L 11679752",175789866
"686","3L 11680405",175790519
"687","3L 11680572",175790686
"688","3L 11680818",175790932
"689","3L 11720255",175830369
"690","3L 11729317",175839431
"691","3L 11734068",175844182
"692","3L 11746399",175856513
"693","3L 11748214",175858328
"694","3L 11752363",175862477
"695","3L 11758398",175868512
"696","3L 11759157",175869271
"697","3L 11870195",175980309
"698","3L 11870204",175980318
"699","3L 11956400",176066514
"700","3L 11972576",176082690
"701","3L 11976177",176086291
"702","3L 12013762",176123876
"703","3L 12057162",176167276
"704","3L 12057325",176167439
"705","3L 12061750",176171864
"706","3L 12210752",176320866
"707","3L 12210854",176320968
"708","3L 12215453",176325567
"709","3L 12215457",176325571
"710","3L 13112261",177222375
"711","3L 13590536",177700650
"712","3L 14517849",178627963
"713","3L 14519487",178629601
"714","3L 14519498",178629612
"715","3L 14519696",178629810
"716","3L 14519936",178630050
"717","3L 14520030",178630144
"718","3L 14520294",178630408
"719","3L 14520372",178630486
"720","3L 14520373",178630487
"721","3L 14520397",178630511
"722","3L 14520405",178630519
"723","3L 14520431",178630545
"724","3L 14520435",178630549
"725","3L 14549713",178659827
"726","3L 14549844",178659958
"727","3L 14550709",178660823
"728","3L 14550871",178660985
"729","3L 14550883",178660997
"730","3L 14552209",178662323
"731","3L 14552355",178662469
"732","3L 14552378",178662492
"733","3L 14552486",178662600
"734","3L 14552500",178662614
"735","3L 14552556",178662670
"736","3L 14552609",178662723
"737","3L 14552674",178662788
"738","3L 14552815",178662929
"739","3L 14552938",178663052
"740","3L 14553166",178663280
"741","3L 14553167",178663281
"742","3L 14553254",178663368
"743","3L 14553272",178663386
"744","3L 14553465",178663579
"745","3L 14553531",178663645
"746","3L 14553614",178663728
"747","3L 14553632",178663746
"748","3L 14565975",178676089
"749","3L 14570187",178680301
"750","3L 14571461",178681575
"751","3L 14571495",178681609
"752","3L 14571931",178682045
"753","3L 14578011",178688125
"754","3L 14581664",178691778
"755","3L 14593522",178703636
"756","3L 14876772",178986886
"757","3L 14876773",178986887
"758","3L 15693826",179803940
"759","3L 15698636",179808750
"760","3L 16239192",180349306
"761","3L 16707315",180817429
"762","3L 16734216",180844330
"763","3L 16735681",180845795
"764","3L 16740533",180850647
"765","3L 16740693",180850807
"766","3L 16748008",180858122
"767","3L 16751550",180861664
"768","3L 16751587",180861701
"769","3L 16753522",180863636
"770","3L 16756405",180866519
"771","3L 16757054",180867168
"772","3L 16760099",180870213
"773","3L 16767110",180877224
"774","3L 16796946",180907060
"775","3L 16829950",180940064
"776","3L 18617535",182727649
"777","3L 18962656",183072770
"778","3L 1920349",166030463
"779","3L 1921409",166031523
"780","3L 19865863",183975977
"781","3L 19868591",183978705
"782","3L 20199523",184309637
"783","3L 21149929",185260043
"784","3L 2136084",166246198
"785","3L 2140794",166250908
"786","3L 2152645",166262759
"787","3L 2165475",166275589
"788","3L 22466178",186576292
"789","3L 22612795",186722909
"790","3L 22868541",186978655
"791","3L 22869595",186979709
"792","3L 22954475",187064589
"793","3L 22954562",187064676
"794","3L 2377851",166487965
"795","3L 2392393",166502507
"796","3L 2392472",166502586
"797","3L 2392514",166502628
"798","3L 2392783",166502897
"799","3L 2394837",166504951
"800","3L 2395624",166505738
"801","3L 2400477",166510591
"802","3L 2412564",166522678
"803","3L 2412565",166522679
"804","3L 2412591",166522705
"805","3L 2412636",166522750
"806","3L 2412637",166522751
"807","3L 2412642",166522756
"808","3L 2414981",166525095
"809","3L 2415177",166525291
"810","3L 2417833",166527947
"811","3L 2418454",166528568
"812","3L 2418914",166529028
"813","3L 2421937",166532051
"814","3L 2422019",166532133
"815","3L 2422136",166532250
"816","3L 2432224",166542338
"817","3L 2433017",166543131
"818","3L 2485112",166595226
"819","3L 24863310",188973424
"820","3L 24874807",188984921
"821","3L 2491321",166601435
"822","3L 2507601",166617715
"823","3L 25185107",189295221
"824","3L 25193562",189303676
"825","3L 25194917",189305031
"826","3L 25195811",189305925
"827","3L 25329584",189439698
"828","3L 25367680",189477794
"829","3L 25585886",189696000
"830","3L 25664677",189774791
"831","3L 26391757",190501871
"832","3L 26699137",190809251
"833","3L 26741053",190851167
"834","3L 26744894",190855008
"835","3L 27349502",191459616
"836","3L 28013963",192124077
"837","3L 28255840",192365954
"838","3L 28256647",192366761
"839","3L 29489475",193599589
"840","3L 29489679",193599793
"841","3L 29513736",193623850
"842","3L 298416",164408530
"843","3L 302712",164412826
"844","3L 30791818",194901932
"845","3L 30794937",194905051
"846","3L 30795041",194905155
"847","3L 30795271",194905385
"848","3L 30795272",194905386
"849","3L 30795464",194905578
"850","3L 30795607",194905721
"851","3L 30795902",194906016
"852","3L 30795905",194906019
"853","3L 30795923",194906037
"854","3L 30811858",194921972
"855","3L 30813751",194923865
"856","3L 30813758",194923872
"857","3L 3098184",167208298
"858","3L 3098471",167208585
"859","3L 3098475",167208589
"860","3L 3120874",167230988
"861","3L 3229906",167340020
"862","3L 3230020",167340134
"863","3L 3231149",167341263
"864","3L 3232827",167342941
"865","3L 3234507",167344621
"866","3L 3236959",167347073
"867","3L 33275750",197385864
"868","3L 33276074",197386188
"869","3L 33277013",197387127
"870","3L 33277622",197387736
"871","3L 33282415",197392529
"872","3L 33282858",197392972
"873","3L 33284578",197394692
"874","3L 337303",164447417
"875","3L 342487",164452601
"876","3L 342863",164452977
"877","3L 34497017",198607131
"878","3L 34859361",198969475
"879","3L 34909726",199019840
"880","3L 34959673",199069787
"881","3L 34978403",199088517
"882","3L 35113907",199224021
"883","3L 35113988",199224102
"884","3L 35234452",199344566
"885","3L 35327274",199437388
"886","3L 35911278",200021392
"887","3L 35957089",200067203
"888","3L 367546",164477660
"889","3L 36906516",201016630
"890","3L 37029406",201139520
"891","3L 37088608",201198722
"892","3L 371012",164481126
"893","3L 37160163",201270277
"894","3L 372171",164482285
"895","3L 37362566",201472680
"896","3L 375480",164485594
"897","3L 376899",164487013
"898","3L 376944",164487058
"899","3L 377801",164487915
"900","3L 378330",164488444
"901","3L 378495",164488609
"902","3L 37917124",202027238
"903","3L 37942093",202052207
"904","3L 37942519",202052633
"905","3L 37942587",202052701
"906","3L 37946136",202056250
"907","3L 37963681",202073795
"908","3L 379661",164489775
"909","3L 37974287",202084401
"910","3L 37976490",202086604
"911","3L 37976891",202087005
"912","3L 38035288",202145402
"913","3L 38066092",202176206
"914","3L 38088469",202198583
"915","3L 380924",164491038
"916","3L 381773",164491887
"917","3L 38190043",202300157
"918","3L 382456",164492570
"919","3L 38257671",202367785
"920","3L 38261986",202372100
"921","3L 38739736",202849850
"922","3L 388642",164498756
"923","3L 39017096",203127210
"924","3L 39031136",203141250
"925","3L 39058530",203168644
"926","3L 39310139",203420253
"927","3L 39689937",203800051
"928","3L 39690488",203800602
"929","3L 39690572",203800686
"930","3L 39690993",203801107
"931","3L 39692705",203802819
"932","3L 39697622",203807736
"933","3L 39698008",203808122
"934","3L 398892",164509006
"935","3L 39993842",204103956
"936","3L 40974509",205084623
"937","3L 40985085",205095199
"938","3L 40985140",205095254
"939","3L 4111940",168222054
"940","3L 4112296",168222410
"941","3L 4112511",168222625
"942","3L 4114112",168224226
"943","3L 4114878",168224992
"944","3L 41666318",205776432
"945","3L 41764488",205874602
"946","3L 4177360",168287474
"947","3L 41803769",205913883
"948","3L 5316720",169426834
"949","3L 5317074",169427188
"950","3L 5328119",169438233
"951","3L 5624028",169734142
"952","3L 5627524",169737638
"953","3L 5632101",169742215
"954","3L 5634633",169744747
"955","3L 5644951",169755065
"956","3L 5655683",169765797
"957","3L 5711025",169821139
"958","3L 6054282",170164396
"959","3L 6054466",170164580
"960","3L 6054560",170164674
"961","3L 6054652",170164766
"962","3L 6054653",170164767
"963","3L 6060466",170170580
"964","3L 6060892",170171006
"965","3L 6060967",170171081
"966","3L 6072340",170182454
"967","3L 6098436",170208550
"968","3L 6099819",170209933
"969","3L 6394642",170504756
"970","3L 6397189",170507303
"971","3L 6544339",170654453
"972","3L 6544672",170654786
"973","3L 662203",164772317
"974","3L 662313",164772427
"975","3L 6783384",170893498
"976","3L 6891416",171001530
"977","3L 6891703",171001817
"978","3L 6908314",171018428
"979","3L 6908347",171018461
"980","3L 6908698",171018812
"981","3L 6909408",171019522
"982","3L 6910120",171020234
"983","3L 7324225",171434339
"984","3L 7327029",171437143
"985","3L 7651175",171761289
"986","3L 804655",164914769
"987","3L 9160676",173270790
"988","3L 9291193",173401307
"989","3L 9353484",173463598
"990","3L 9368190",173478304
"991","3L 9478554",173588668
"992","3L 9478581",173588695
"993","3L 9667728",173777842
"994","3L 9677762",173787876
"995","3L 9684501",173794615
"996","3L 9695170",173805284
"997","3R 100222",111009652
"998","3R 100374",111009804
"999","3R 100455",111009885
"1000","3R 100468",111009898
"1001","3R 102541",111011971
"1002","3R 103053",111012483
"1003","3R 104763",111014193
"1004","3R 104824",111014254
"1005","3R 104825",111014255
"1006","3R 105070",111014500
"1007","3R 10658",110920088
"1008","3R 106584",111016014
"1009","3R 10684",110920114
"1010","3R 10716",110920146
"1011","3R 107275",111016705
"1012","3R 10840910",121750340
"1013","3R 10879222",121788652
"1014","3R 10915655",121825085
"1015","3R 10915946",121825376
"1016","3R 10915983",121825413
"1017","3R 10916096",121825526
"1018","3R 10916113",121825543
"1019","3R 10916240",121825670
"1020","3R 10916533",121825963
"1021","3R 10916595",121826025
"1022","3R 10916678",121826108
"1023","3R 10916695",121826125
"1024","3R 10916707",121826137
"1025","3R 10916776",121826206
"1026","3R 10916799",121826229
"1027","3R 10916834",121826264
"1028","3R 10916916",121826346
"1029","3R 10917239",121826669
"1030","3R 10917251",121826681
"1031","3R 10917289",121826719
"1032","3R 10918440",121827870
"1033","3R 10918490",121827920
"1034","3R 109568",111018998
"1035","3R 110355",111019785
"1036","3R 114489",111023919
"1037","3R 114503",111023933
"1038","3R 114508",111023938
"1039","3R 114511",111023941
"1040","3R 117361",111026791
"1041","3R 117931",111027361
"1042","3R 118031",111027461
"1043","3R 118052",111027482
"1044","3R 120747",111030177
"1045","3R 123366",111032796
"1046","3R 127731",111037161
"1047","3R 128380",111037810
"1048","3R 129286",111038716
"1049","3R 130020",111039450
"1050","3R 130118",111039548
"1051","3R 130455",111039885
"1052","3R 130941",111040371
"1053","3R 135520",111044950
"1054","3R 135573",111045003
"1055","3R 137311",111046741
"1056","3R 137683",111047113
"1057","3R 138947",111048377
"1058","3R 139185",111048615
"1059","3R 140143",111049573
"1060","3R 1401714",112311144
"1061","3R 140364",111049794
"1062","3R 142342",111051772
"1063","3R 143133",111052563
"1064","3R 147213",111056643
"1065","3R 148319",111057749
"1066","3R 14990",110924420
"1067","3R 1502620",112412050
"1068","3R 150794",111060224
"1069","3R 150848",111060278
"1070","3R 152562",111061992
"1071","3R 155701",111065131
"1072","3R 156017",111065447
"1073","3R 15604994",126514424
"1074","3R 15605023",126514453
"1075","3R 156121",111065551
"1076","3R 15687813",126597243
"1077","3R 157537",111066967
"1078","3R 15755739",126665169
"1079","3R 157581",111067011
"1080","3R 157647",111067077
"1081","3R 15769942",126679372
"1082","3R 15773185",126682615
"1083","3R 15774570",126684000
"1084","3R 15776424",126685854
"1085","3R 15776969",126686399
"1086","3R 15780944",126690374
"1087","3R 15781606",126691036
"1088","3R 158371",111067801
"1089","3R 158633",111068063
"1090","3R 159489",111068919
"1091","3R 159649",111069079
"1092","3R 15978058",126887488
"1093","3R 163240",111072670
"1094","3R 165649",111075079
"1095","3R 16713549",127622979
"1096","3R 16714698",127624128
"1097","3R 16740",110926170
"1098","3R 17008505",127917935
"1099","3R 17388483",128297913
"1100","3R 17614917",128524347
"1101","3R 17629862",128539292
"1102","3R 17665105",128574535
"1103","3R 17981459",128890889
"1104","3R 17997460",128906890
"1105","3R 17997473",128906903
"1106","3R 17997707",128907137
"1107","3R 17998069",128907499
"1108","3R 18000091",128909521
"1109","3R 18023036",128932466
"1110","3R 18449",110927879
"1111","3R 18763",110928193
"1112","3R 19525074",130434504
"1113","3R 19525083",130434513
"1114","3R 19628",110929058
"1115","3R 20307716",131217146
"1116","3R 20347193",131256623
"1117","3R 21649235",132558665
"1118","3R 21649236",132558666
"1119","3R 21826962",132736392
"1120","3R 21838334",132747764
"1121","3R 22261455",133170885
"1122","3R 22395227",133304657
"1123","3R 22579454",133488884
"1124","3R 22586284",133495714
"1125","3R 22589392",133498822
"1126","3R 22591398",133500828
"1127","3R 22596423",133505853
"1128","3R 23468054",134377484
"1129","3R 2541966",113451396
"1130","3R 26092348",137001778
"1131","3R 26103368",137012798
"1132","3R 26147623",137057053
"1133","3R 26240917",137150347
"1134","3R 26368978",137278408
"1135","3R 26369511",137278941
"1136","3R 26405249",137314679
"1137","3R 26515540",137424970
"1138","3R 26589165",137498595
"1139","3R 26631592",137541022
"1140","3R 26635955",137545385
"1141","3R 26637623",137547053
"1142","3R 26637939",137547369
"1143","3R 26655184",137564614
"1144","3R 26681401",137590831
"1145","3R 26696549",137605979
"1146","3R 26708346",137617776
"1147","3R 26713408",137622838
"1148","3R 26750679",137660109
"1149","3R 26753865",137663295
"1150","3R 26765033",137674463
"1151","3R 26767851",137677281
"1152","3R 26772065",137681495
"1153","3R 26866",110936296
"1154","3R 27354380",138263810
"1155","3R 27536",110936966
"1156","3R 27562732",138472162
"1157","3R 28257878",139167308
"1158","3R 28285245",139194675
"1159","3R 28302855",139212285
"1160","3R 28322658",139232088
"1161","3R 28341892",139251322
"1162","3R 28353097",139262527
"1163","3R 28362814",139272244
"1164","3R 28364581",139274011
"1165","3R 28367847",139277277
"1166","3R 28406753",139316183
"1167","3R 28426617",139336047
"1168","3R 28438176",139347606
"1169","3R 28443101",139352531
"1170","3R 28446675",139356105
"1171","3R 28446853",139356283
"1172","3R 28447727",139357157
"1173","3R 28450246",139359676
"1174","3R 28450278",139359708
"1175","3R 28453419",139362849
"1176","3R 28453520",139362950
"1177","3R 28453938",139363368
"1178","3R 28454470",139363900
"1179","3R 28454595",139364025
"1180","3R 28456679",139366109
"1181","3R 28457573",139367003
"1182","3R 28457773",139367203
"1183","3R 28461324",139370754
"1184","3R 28464561",139373991
"1185","3R 28464901",139374331
"1186","3R 28464999",139374429
"1187","3R 28465216",139374646
"1188","3R 28466161",139375591
"1189","3R 28466445",139375875
"1190","3R 28471914",139381344
"1191","3R 28476002",139385432
"1192","3R 28477165",139386595
"1193","3R 28478221",139387651
"1194","3R 28479178",139388608
"1195","3R 28479444",139388874
"1196","3R 28479648",139389078
"1197","3R 28482081",139391511
"1198","3R 28483254",139392684
"1199","3R 28483277",139392707
"1200","3R 28483352",139392782
"1201","3R 28483582",139393012
"1202","3R 28483616",139393046
"1203","3R 28484028",139393458
"1204","3R 28485496",139394926
"1205","3R 28485970",139395400
"1206","3R 28485971",139395401
"1207","3R 28485989",139395419
"1208","3R 28486267",139395697
"1209","3R 28486601",139396031
"1210","3R 28487218",139396648
"1211","3R 28489338",139398768
"1212","3R 28493523",139402953
"1213","3R 28493764",139403194
"1214","3R 28493790",139403220
"1215","3R 28493889",139403319
"1216","3R 28494495",139403925
"1217","3R 28494633",139404063
"1218","3R 28494790",139404220
"1219","3R 28505989",139415419
"1220","3R 28506317",139415747
"1221","3R 28507414",139416844
"1222","3R 28514357",139423787
"1223","3R 28515823",139425253
"1224","3R 28517372",139426802
"1225","3R 28518218",139427648
"1226","3R 28518340",139427770
"1227","3R 28518440",139427870
"1228","3R 28518533",139427963
"1229","3R 28522589",139432019
"1230","3R 28523942",139433372
"1231","3R 28524727",139434157
"1232","3R 28525119",139434549
"1233","3R 28529565",139438995
"1234","3R 28530801",139440231
"1235","3R 28531081",139440511
"1236","3R 28534202",139443632
"1237","3R 28535191",139444621
"1238","3R 28536096",139445526
"1239","3R 28536604",139446034
"1240","3R 28537676",139447106
"1241","3R 28544303",139453733
"1242","3R 28549090",139458520
"1243","3R 28549829",139459259
"1244","3R 28550419",139459849
"1245","3R 28550946",139460376
"1246","3R 28551026",139460456
"1247","3R 28551299",139460729
"1248","3R 28552846",139462276
"1249","3R 28553495",139462925
"1250","3R 28554005",139463435
"1251","3R 28554357",139463787
"1252","3R 28555481",139464911
"1253","3R 28555482",139464912
"1254","3R 28556027",139465457
"1255","3R 28558061",139467491
"1256","3R 28559144",139468574
"1257","3R 28559596",139469026
"1258","3R 28559615",139469045
"1259","3R 28559631",139469061
"1260","3R 28560309",139469739
"1261","3R 28561240",139470670
"1262","3R 28562734",139472164
"1263","3R 28566313",139475743
"1264","3R 28566536",139475966
"1265","3R 28568343",139477773
"1266","3R 28568877",139478307
"1267","3R 28569016",139478446
"1268","3R 28569020",139478450
"1269","3R 28569033",139478463
"1270","3R 28569158",139478588
"1271","3R 28569793",139479223
"1272","3R 28572577",139482007
"1273","3R 28572618",139482048
"1274","3R 28574369",139483799
"1275","3R 28575412",139484842
"1276","3R 28576189",139485619
"1277","3R 28577029",139486459
"1278","3R 28577207",139486637
"1279","3R 28577939",139487369
"1280","3R 28577986",139487416
"1281","3R 28578169",139487599
"1282","3R 28578193",139487623
"1283","3R 28578460",139487890
"1284","3R 28579481",139488911
"1285","3R 28579601",139489031
"1286","3R 28580156",139489586
"1287","3R 28580599",139490029
"1288","3R 28580609",139490039
"1289","3R 28584870",139494300
"1290","3R 28584985",139494415
"1291","3R 28585052",139494482
"1292","3R 28588571",139498001
"1293","3R 28591115",139500545
"1294","3R 28591927",139501357
"1295","3R 28592098",139501528
"1296","3R 28592101",139501531
"1297","3R 28592158",139501588
"1298","3R 28592347",139501777
"1299","3R 28593470",139502900
"1300","3R 28593534",139502964
"1301","3R 28593623",139503053
"1302","3R 28593884",139503314
"1303","3R 28594270",139503700
"1304","3R 28594290",139503720
"1305","3R 28594517",139503947
"1306","3R 28594874",139504304
"1307","3R 28594943",139504373
"1308","3R 28594981",139504411
"1309","3R 28595114",139504544
"1310","3R 28595115",139504545
"1311","3R 28595230",139504660
"1312","3R 28595270",139504700
"1313","3R 28595352",139504782
"1314","3R 28595369",139504799
"1315","3R 28595382",139504812
"1316","3R 28595768",139505198
"1317","3R 28599720",139509150
"1318","3R 28599973",139509403
"1319","3R 28600696",139510126
"1320","3R 28600701",139510131
"1321","3R 28602348",139511778
"1322","3R 28603845",139513275
"1323","3R 28604183",139513613
"1324","3R 28604236",139513666
"1325","3R 28604273",139513703
"1326","3R 28604359",139513789
"1327","3R 28604513",139513943
"1328","3R 28605009",139514439
"1329","3R 28606371",139515801
"1330","3R 28606702",139516132
"1331","3R 28607323",139516753
"1332","3R 28608348",139517778
"1333","3R 28609632",139519062
"1334","3R 28609959",139519389
"1335","3R 28610168",139519598
"1336","3R 28610362",139519792
"1337","3R 28610570",139520000
"1338","3R 28612946",139522376
"1339","3R 28613010",139522440
"1340","3R 28613269",139522699
"1341","3R 28614608",139524038
"1342","3R 28615157",139524587
"1343","3R 28615289",139524719
"1344","3R 28615466",139524896
"1345","3R 28617533",139526963
"1346","3R 28618406",139527836
"1347","3R 28618475",139527905
"1348","3R 28619951",139529381
"1349","3R 28620716",139530146
"1350","3R 28623740",139533170
"1351","3R 28624027",139533457
"1352","3R 28625246",139534676
"1353","3R 28625314",139534744
"1354","3R 28627038",139536468
"1355","3R 28627073",139536503
"1356","3R 28627559",139536989
"1357","3R 28627943",139537373
"1358","3R 28628351",139537781
"1359","3R 28630465",139539895
"1360","3R 28631171",139540601
"1361","3R 28631836",139541266
"1362","3R 28631857",139541287
"1363","3R 28633764",139543194
"1364","3R 28634035",139543465
"1365","3R 28637197",139546627
"1366","3R 28637350",139546780
"1367","3R 28637407",139546837
"1368","3R 28638122",139547552
"1369","3R 28638187",139547617
"1370","3R 28639103",139548533
"1371","3R 28639441",139548871
"1372","3R 28640861",139550291
"1373","3R 28641255",139550685
"1374","3R 28642763",139552193
"1375","3R 28643079",139552509
"1376","3R 28643112",139552542
"1377","3R 28643201",139552631
"1378","3R 28643984",139553414
"1379","3R 28644169",139553599
"1380","3R 28644191",139553621
"1381","3R 28646173",139555603
"1382","3R 28646517",139555947
"1383","3R 28646580",139556010
"1384","3R 28648706",139558136
"1385","3R 28649184",139558614
"1386","3R 28649577",139559007
"1387","3R 28651289",139560719
"1388","3R 28653158",139562588
"1389","3R 28653176",139562606
"1390","3R 28654567",139563997
"1391","3R 28654740",139564170
"1392","3R 28655689",139565119
"1393","3R 28655711",139565141
"1394","3R 28655908",139565338
"1395","3R 28658292",139567722
"1396","3R 28659549",139568979
"1397","3R 28659832",139569262
"1398","3R 28660856",139570286
"1399","3R 28660896",139570326
"1400","3R 28663457",139572887
"1401","3R 28663687",139573117
"1402","3R 28664661",139574091
"1403","3R 28665435",139574865
"1404","3R 28665448",139574878
"1405","3R 28666889",139576319
"1406","3R 28667060",139576490
"1407","3R 28669023",139578453
"1408","3R 28669105",139578535
"1409","3R 28670949",139580379
"1410","3R 28671117",139580547
"1411","3R 28671147",139580577
"1412","3R 28671207",139580637
"1413","3R 28671457",139580887
"1414","3R 28672536",139581966
"1415","3R 28674654",139584084
"1416","3R 28676980",139586410
"1417","3R 28677687",139587117
"1418","3R 28682979",139592409
"1419","3R 28688329",139597759
"1420","3R 28689068",139598498
"1421","3R 28689292",139598722
"1422","3R 28694411",139603841
"1423","3R 28694492",139603922
"1424","3R 28696689",139606119
"1425","3R 28697098",139606528
"1426","3R 28697397",139606827
"1427","3R 28697588",139607018
"1428","3R 28700852",139610282
"1429","3R 28703344",139612774
"1430","3R 28704028",139613458
"1431","3R 28706160",139615590
"1432","3R 28709777",139619207
"1433","3R 28711736",139621166
"1434","3R 28711797",139621227
"1435","3R 28711843",139621273
"1436","3R 28712009",139621439
"1437","3R 28712102",139621532
"1438","3R 28714188",139623618
"1439","3R 28717727",139627157
"1440","3R 28718131",139627561
"1441","3R 28718431",139627861
"1442","3R 28718578",139628008
"1443","3R 28718910",139628340
"1444","3R 28719051",139628481
"1445","3R 28719195",139628625
"1446","3R 28720028",139629458
"1447","3R 28720684",139630114
"1448","3R 28727401",139636831
"1449","3R 28729237",139638667
"1450","3R 28731974",139641404
"1451","3R 28732849",139642279
"1452","3R 28732937",139642367
"1453","3R 28733189",139642619
"1454","3R 28733222",139642652
"1455","3R 28733460",139642890
"1456","3R 28733612",139643042
"1457","3R 28734029",139643459
"1458","3R 28735855",139645285
"1459","3R 28736515",139645945
"1460","3R 28736958",139646388
"1461","3R 28737209",139646639
"1462","3R 28738043",139647473
"1463","3R 28739093",139648523
"1464","3R 28741680",139651110
"1465","3R 28743394",139652824
"1466","3R 28744495",139653925
"1467","3R 28744497",139653927
"1468","3R 28745610",139655040
"1469","3R 28764779",139674209
"1470","3R 28765007",139674437
"1471","3R 28765046",139674476
"1472","3R 28766542",139675972
"1473","3R 28769702",139679132
"1474","3R 28770528",139679958
"1475","3R 28809322",139718752
"1476","3R 28809632",139719062
"1477","3R 28812529",139721959
"1478","3R 28820867",139730297
"1479","3R 28820972",139730402
"1480","3R 28823902",139733332
"1481","3R 28824755",139734185
"1482","3R 28824763",139734193
"1483","3R 28824826",139734256
"1484","3R 28825019",139734449
"1485","3R 28825304",139734734
"1486","3R 28825400",139734830
"1487","3R 28825619",139735049
"1488","3R 28825733",139735163
"1489","3R 28825946",139735376
"1490","3R 28826168",139735598
"1491","3R 28826391",139735821
"1492","3R 28826433",139735863
"1493","3R 28826821",139736251
"1494","3R 28828752",139738182
"1495","3R 28828756",139738186
"1496","3R 28828947",139738377
"1497","3R 28830566",139739996
"1498","3R 28831585",139741015
"1499","3R 28832161",139741591
"1500","3R 28832182",139741612
"1501","3R 28832185",139741615
"1502","3R 28832228",139741658
"1503","3R 28832329",139741759
"1504","3R 28833649",139743079
"1505","3R 28834260",139743690
"1506","3R 28857244",139766674
"1507","3R 28857316",139766746
"1508","3R 29344542",140253972
"1509","3R 29357651",140267081
"1510","3R 29358359",140267789
"1511","3R 29358363",140267793
"1512","3R 29358588",140268018
"1513","3R 29400027",140309457
"1514","3R 30043329",140952759
"1515","3R 30122192",141031622
"1516","3R 30127816",141037246
"1517","3R 3017921",113927351
"1518","3R 3018629",113928059
"1519","3R 31070",110940500
"1520","3R 31264110",142173540
"1521","3R 32334572",143244002
"1522","3R 32334573",143244003
"1523","3R 32335150",143244580
"1524","3R 32355216",143264646
"1525","3R 32355219",143264649
"1526","3R 32355496",143264926
"1527","3R 32900672",143810102
"1528","3R 32901086",143810516
"1529","3R 32903604",143813034
"1530","3R 344543",111253973
"1531","3R 3518340",114427770
"1532","3R 352201",111261631
"1533","3R 352559",111261989
"1534","3R 35508",110944938
"1535","3R 35585",110945015
"1536","3R 36361",110945791
"1537","3R 36687",110946117
"1538","3R 36849",110946279
"1539","3R 36955",110946385
"1540","3R 38405",110947835
"1541","3R 38998",110948428
"1542","3R 39205183",150114613
"1543","3R 39217054",150126484
"1544","3R 394684",111304114
"1545","3R 3953961",114863391
"1546","3R 39675",110949105
"1547","3R 39786",110949216
"1548","3R 40249797",151159227
"1549","3R 40255635",151165065
"1550","3R 40260973",151170403
"1551","3R 40261263",151170693
"1552","3R 406624",111316054
"1553","3R 40757523",151666953
"1554","3R 40799360",151708790
"1555","3R 41001655",151911085
"1556","3R 41001845",151911275
"1557","3R 41061143",151970573
"1558","3R 41069594",151979024
"1559","3R 41069726",151979156
"1560","3R 41069727",151979157
"1561","3R 41071567",151980997
"1562","3R 41092759",152002189
"1563","3R 41094105",152003535
"1564","3R 41213273",152122703
"1565","3R 41237138",152146568
"1566","3R 41245600",152155030
"1567","3R 41323068",152232498
"1568","3R 41331369",152240799
"1569","3R 41331381",152240811
"1570","3R 41342956",152252386
"1571","3R 41398639",152308069
"1572","3R 41408",110950838
"1573","3R 41415691",152325121
"1574","3R 41496921",152406351
"1575","3R 41543420",152452850
"1576","3R 41544084",152453514
"1577","3R 41598798",152508228
"1578","3R 41697517",152606947
"1579","3R 41745344",152654774
"1580","3R 42435541",153344971
"1581","3R 42530692",153440122
"1582","3R 42549176",153458606
"1583","3R 42555968",153465398
"1584","3R 42557616",153467046
"1585","3R 42620512",153529942
"1586","3R 42620692",153530122
"1587","3R 42620699",153530129
"1588","3R 42620744",153530174
"1589","3R 42630331",153539761
"1590","3R 42778",110952208
"1591","3R 42871493",153780923
"1592","3R 42874866",153784296
"1593","3R 42876142",153785572
"1594","3R 42915258",153824688
"1595","3R 42918271",153827701
"1596","3R 42918620",153828050
"1597","3R 42933937",153843367
"1598","3R 42933938",153843368
"1599","3R 42934401",153843831
"1600","3R 42941464",153850894
"1601","3R 42941668",153851098
"1602","3R 43023",110952453
"1603","3R 43371251",154280681
"1604","3R 43371666",154281096
"1605","3R 43386317",154295747
"1606","3R 43536160",154445590
"1607","3R 43538885",154448315
"1608","3R 43539288",154448718
"1609","3R 43539458",154448888
"1610","3R 43656753",154566183
"1611","3R 43660230",154569660
"1612","3R 43662070",154571500
"1613","3R 43662531",154571961
"1614","3R 43669775",154579205
"1615","3R 43702830",154612260
"1616","3R 43703831",154613261
"1617","3R 43705041",154614471
"1618","3R 43705062",154614492
"1619","3R 43705087",154614517
"1620","3R 43705088",154614518
"1621","3R 437804",111347234
"1622","3R 43783251",154692681
"1623","3R 438800",111348230
"1624","3R 44069554",154978984
"1625","3R 44070912",154980342
"1626","3R 44070920",154980350
"1627","3R 44446674",155356104
"1628","3R 44564920",155474350
"1629","3R 44725064",155634494
"1630","3R 447460",111356890
"1631","3R 44832251",155741681
"1632","3R 448689",111358119
"1633","3R 448903",111358333
"1634","3R 448904",111358334
"1635","3R 44932979",155842409
"1636","3R 45056201",155965631
"1637","3R 45061957",155971387
"1638","3R 45062999",155972429
"1639","3R 45240582",156150012
"1640","3R 452413",111361843
"1641","3R 45243384",156152814
"1642","3R 45248507",156157937
"1643","3R 45292395",156201825
"1644","3R 45379925",156289355
"1645","3R 454351",111363781
"1646","3R 454568",111363998
"1647","3R 454580",111364010
"1648","3R 454713",111364143
"1649","3R 454718",111364148
"1650","3R 454818",111364248
"1651","3R 455087",111364517
"1652","3R 455395",111364825
"1653","3R 455403",111364833
"1654","3R 455519",111364949
"1655","3R 455656",111365086
"1656","3R 455763",111365193
"1657","3R 455846",111365276
"1658","3R 455876",111365306
"1659","3R 455945",111365375
"1660","3R 457534",111366964
"1661","3R 45820943",156730373
"1662","3R 458406",111367836
"1663","3R 45860673",156770103
"1664","3R 45860857",156770287
"1665","3R 45863774",156773204
"1666","3R 45864224",156773654
"1667","3R 45864480",156773910
"1668","3R 45864534",156773964
"1669","3R 458870",111368300
"1670","3R 46080473",156989903
"1671","3R 46133972",157043402
"1672","3R 46135989",157045419
"1673","3R 46148734",157058164
"1674","3R 46169479",157078909
"1675","3R 46170073",157079503
"1676","3R 46170277",157079707
"1677","3R 46170286",157079716
"1678","3R 46239605",157149035
"1679","3R 46517122",157426552
"1680","3R 46517234",157426664
"1681","3R 46640047",157549477
"1682","3R 46643966",157553396
"1683","3R 467945",111377375
"1684","3R 470602",111380032
"1685","3R 470848",111380278
"1686","3R 470871",111380301
"1687","3R 47139702",158049132
"1688","3R 47141640",158051070
"1689","3R 47141967",158051397
"1690","3R 473283",111382713
"1691","3R 475484",111384914
"1692","3R 48172301",159081731
"1693","3R 48195041",159104471
"1694","3R 48218026",159127456
"1695","3R 48234714",159144144
"1696","3R 48427778",159337208
"1697","3R 48906532",159815962
"1698","3R 48909920",159819350
"1699","3R 48910186",159819616
"1700","3R 48914039",159823469
"1701","3R 48915760",159825190
"1702","3R 48915781",159825211
"1703","3R 48915968",159825398
"1704","3R 48915973",159825403
"1705","3R 48920965",159830395
"1706","3R 48920966",159830396
"1707","3R 48921018",159830448
"1708","3R 48925723",159835153
"1709","3R 48925724",159835154
"1710","3R 48925859",159835289
"1711","3R 48926129",159835559
"1712","3R 48926449",159835879
"1713","3R 48926477",159835907
"1714","3R 48926882",159836312
"1715","3R 48928928",159838358
"1716","3R 48929623",159839053
"1717","3R 48929962",159839392
"1718","3R 48930312",159839742
"1719","3R 48930472",159839902
"1720","3R 48930667",159840097
"1721","3R 48930700",159840130
"1722","3R 48930751",159840181
"1723","3R 48932222",159841652
"1724","3R 48947995",159857425
"1725","3R 48950911",159860341
"1726","3R 49026950",159936380
"1727","3R 49042515",159951945
"1728","3R 49324809",160234239
"1729","3R 49326894",160236324
"1730","3R 49375081",160284511
"1731","3R 49453372",160362802
"1732","3R 49453387",160362817
"1733","3R 49453487",160362917
"1734","3R 49455196",160364626
"1735","3R 49610283",160519713
"1736","3R 49681929",160591359
"1737","3R 49709706",160619136
"1738","3R 49967556",160876986
"1739","3R 49982167",160891597
"1740","3R 50004872",160914302
"1741","3R 50005399",160914829
"1742","3R 50007110",160916540
"1743","3R 50021118",160930548
"1744","3R 50028792",160938222
"1745","3R 50029480",160938910
"1746","3R 50031677",160941107
"1747","3R 50062976",160972406
"1748","3R 50065100",160974530
"1749","3R 50065435",160974865
"1750","3R 50066798",160976228
"1751","3R 50081698",160991128
"1752","3R 50081702",160991132
"1753","3R 50118886",161028316
"1754","3R 50131614",161041044
"1755","3R 50133747",161043177
"1756","3R 50134321",161043751
"1757","3R 50136768",161046198
"1758","3R 50137594",161047024
"1759","3R 50137817",161047247
"1760","3R 50138057",161047487
"1761","3R 50138119",161047549
"1762","3R 50139120",161048550
"1763","3R 50139440",161048870
"1764","3R 50142257",161051687
"1765","3R 50142290",161051720
"1766","3R 50146359",161055789
"1767","3R 50169328",161078758
"1768","3R 50179730",161089160
"1769","3R 50249637",161159067
"1770","3R 50254065",161163495
"1771","3R 50256707",161166137
"1772","3R 50257416",161166846
"1773","3R 50257471",161166901
"1774","3R 50287346",161196776
"1775","3R 50290210",161199640
"1776","3R 50290320",161199750
"1777","3R 505605",111415035
"1778","3R 50634355",161543785
"1779","3R 50947808",161857238
"1780","3R 50948778",161858208
"1781","3R 50949342",161858772
"1782","3R 50964536",161873966
"1783","3R 50966595",161876025
"1784","3R 51024349",161933779
"1785","3R 51141",110960571
"1786","3R 51183",110960613
"1787","3R 51313384",162222814
"1788","3R 5132409",116041839
"1789","3R 51711",110961141
"1790","3R 51724",110961154
"1791","3R 51727",110961157
"1792","3R 51825",110961255
"1793","3R 51849682",162759112
"1794","3R 51849687",162759117
"1795","3R 51849823",162759253
"1796","3R 51849891",162759321
"1797","3R 51849916",162759346
"1798","3R 51879443",162788873
"1799","3R 51883396",162792826
"1800","3R 51888731",162798161
"1801","3R 51888962",162798392
"1802","3R 51940",110961370
"1803","3R 51995853",162905283
"1804","3R 52020837",162930267
"1805","3R 52023945",162933375
"1806","3R 52034018",162943448
"1807","3R 52039948",162949378
"1808","3R 52043992",162953422
"1809","3R 52044596",162954026
"1810","3R 52096125",163005555
"1811","3R 52126399",163035829
"1812","3R 5215239",116124669
"1813","3R 52172404",163081834
"1814","3R 52172524",163081954
"1815","3R 5234029",116143459
"1816","3R 5235349",116144779
"1817","3R 5235350",116144780
"1818","3R 5239582",116149012
"1819","3R 52402",110961832
"1820","3R 5241997",116151427
"1821","3R 5243016",116152446
"1822","3R 5589242",116498672
"1823","3R 561972",111471402
"1824","3R 5711610",116621040
"1825","3R 5711700",116621130
"1826","3R 5861492",116770922
"1827","3R 6092390",117001820
"1828","3R 61221",110970651
"1829","3R 61643",110971073
"1830","3R 617013",111526443
"1831","3R 61956",110971386
"1832","3R 62132",110971562
"1833","3R 62780",110972210
"1834","3R 63146",110972576
"1835","3R 63456",110972886
"1836","3R 6367958",117277388
"1837","3R 6368984",117278414
"1838","3R 6369012",117278442
"1839","3R 6369013",117278443
"1840","3R 6369143",117278573
"1841","3R 6369152",117278582
"1842","3R 6369759",117279189
"1843","3R 6377065",117286495
"1844","3R 639407",111548837
"1845","3R 64258",110973688
"1846","3R 6454064",117363494
"1847","3R 64796",110974226
"1848","3R 65409",110974839
"1849","3R 65798",110975228
"1850","3R 65876",110975306
"1851","3R 65889",110975319
"1852","3R 66118",110975548
"1853","3R 66206",110975636
"1854","3R 66233",110975663
"1855","3R 66263",110975693
"1856","3R 66288",110975718
"1857","3R 66823",110976253
"1858","3R 6713749",117623179
"1859","3R 682358",111591788
"1860","3R 685009",111594439
"1861","3R 6892246",117801676
"1862","3R 6914132",117823562
"1863","3R 6916359",117825789
"1864","3R 6929226",117838656
"1865","3R 6937324",117846754
"1866","3R 6976317",117885747
"1867","3R 6976377",117885807
"1868","3R 7039991",117949421
"1869","3R 72235",110981665
"1870","3R 72862",110982292
"1871","3R 72907",110982337
"1872","3R 7612945",118522375
"1873","3R 76612",110986042
"1874","3R 8562013",119471443
"1875","3R 9032170",119941600
"1876","3R 90504",110999934
"1877","3R 93380",111002810
"1878","3R 959322",111868752
"1879","3R 97095",111006525
"1880","3R 97114",111006544
"1881","3R 97202",111006632
"1882","3R 9750659",120660089
"1883","3R 9750795",120660225
"1884","3R 97617",111007047
"1885","3R 9765105",120674535
"1886","3R 9765155",120674585
"1887","3R 9774597",120684027
"1888","3R 9775891",120685321
"1889","3R 98016",111007446
"1890","3R 9869218",120778648
"1891","X 14516591",220590140
"1892","X 14516609",220590158
"1893","X 14516925",220590474
"1894","X 14729887",220803436
"1895","X 14764994",220838543
"1896","X 14766740",220840289
"1897","X 14768323",220841872
"1898","X 14768475",220842024
"1899","X 14770983",220844532
"1900","X 14842933",220916482
"1901","X 14851032",220924581
"1902","X 14854271",220927820
"1903","X 14884682",220958231
"1904","X 14884868",220958417
"1905","X 14888565",220962114
"1906","X 14917459",220991008
"1907","X 15122768",221196317
"1908","X 15125506",221199055
"1909","X 15135546",221209095
"1910","X 15135595",221209144
"1911","X 15142271",221215820
"1912","X 15147257",221220806
"1913","X 15151876",221225425
"1914","X 15152256",221225805
"1915","X 15152318",221225867
"1916","X 15152730",221226279
"1917","X 15156168",221229717
"1918","X 15160143",221233692
"1919","X 15162630",221236179
"1920","X 15162974",221236523
"1921","X 15178403",221251952
"1922","X 15178515",221252064
"1923","X 15178989",221252538
"1924","X 15179011",221252560
"1925","X 15179038",221252587
"1926","X 15179244",221252793
"1927","X 15181188",221254737
"1928","X 15185064",221258613
"1929","X 15187598",221261147
"1930","X 15188322",221261871
"1931","X 15191115",221264664
"1932","X 15195561",221269110
"1933","X 15196704",221270253
"1934","X 15197223",221270772
"1935","X 15197621",221271170
"1936","X 15197639",221271188
"1937","X 15198456",221272005
"1938","X 15198487",221272036
"1939","X 15198500",221272049
"1940","X 15202065",221275614
"1941","X 15202420",221275969
"1942","X 15247414",221320963
"1943","X 15247862",221321411
"1944","X 15248033",221321582
"1945","X 15249000",221322549
"1946","X 15249952",221323501
"1947","X 15250298",221323847
"1948","X 15250781",221324330
"1949","X 15251562",221325111
"1950","X 15251646",221325195
"1951","X 15255795",221329344
"1952","X 15255893",221329442
"1953","X 15256742",221330291
"1954","X 15256919",221330468
"1955","X 15257116",221330665
"1956","X 15261956",221335505
"1957","X 15262759",221336308
"1958","X 15262789",221336338
"1959","X 15262881",221336430
"1960","X 15266072",221339621
"1961","X 15267066",221340615
"1962","X 15268209",221341758
"1963","X 15271307",221344856
"1964","X 15272618",221346167
"1965","X 15274308",221347857
"1966","X 15274544",221348093
"1967","X 15275598",221349147
"1968","X 15275979",221349528
"1969","X 15276060",221349609
"1970","X 15276363",221349912
"1971","X 15284120",221357669
"1972","X 15284387",221357936
"1973","X 15285531",221359080
"1974","X 15286064",221359613
"1975","X 15286230",221359779
"1976","X 15292130",221365679
"1977","X 15302262",221375811
"1978","X 15307949",221381498
"1979","X 15316464",221390013
"1980","X 15317101",221390650
"1981","X 15317280",221390829
"1982","X 15317416",221390965
"1983","X 15319636",221393185
"1984","X 15321205",221394754
"1985","X 15330557",221404106
"1986","X 15332568",221406117
"1987","X 15333368",221406917
"1988","X 15334517",221408066
"1989","X 15334532",221408081
"1990","X 15336282",221409831
"1991","X 15336787",221410336
"1992","X 15339350",221412899
"1993","X 15341384",221414933
"1994","X 15342940",221416489
"1995","X 15343104",221416653
"1996","X 15343237",221416786
"1997","X 15343527",221417076
"1998","X 15344404",221417953
"1999","X 15348329",221421878
"2000","X 15350333",221423882
"2001","X 15357832",221431381
"2002","X 15362145",221435694
"2003","X 15364030",221437579
"2004","X 15367256",221440805
"2005","X 15371078",221444627
"2006","X 15378568",221452117
"2007","X 15379785",221453334
"2008","X 15380214",221453763
"2009","X 15380257",221453806
"2010","X 15380931",221454480
"2011","X 15384581",221458130
"2012","X 15385764",221459313
"2013","X 15386120",221459669
"2014","X 15387343",221460892
"2015","X 15387400",221460949
"2016","X 15387583",221461132
"2017","X 15387824",221461373
"2018","X 15388534",221462083
"2019","X 15389552",221463101
"2020","X 15389872",221463421
"2021","X 15391054",221464603
"2022","X 15392351",221465900
"2023","X 15392623",221466172
"2024","X 15412719",221486268
"2025","X 15413395",221486944
"2026","X 15420125",221493674
"2027","X 15421659",221495208
"2028","X 15421987",221495536
"2029","X 15423145",221496694
"2030","X 15424322",221497871
"2031","X 15425896",221499445
"2032","X 15430479",221504028
"2033","X 15430510",221504059
"2034","X 15432994",221506543
"2035","X 15434510",221508059
"2036","X 15443775",221517324
"2037","X 15447950",221521499
"2038","X 15449380",221522929
"2039","X 15449404",221522953
"2040","X 15449433",221522982
"2041","X 15450051",221523600
"2042","X 15450078",221523627
"2043","X 15450886",221524435
"2044","X 15451206",221524755
"2045","X 15452882",221526431
"2046","X 15452962",221526511
"2047","X 15465055",221538604
"2048","X 15475161",221548710
"2049","X 15475294",221548843
"2050","X 15477102",221550651
"2051","X 15477677",221551226
"2052","X 15477814",221551363
"2053","X 15488882",221562431
"2054","X 15520023",221593572
"2055","X 15698885",221772434
"2056","X 15874517",221948066
"2057","X 16403887",222477436
"2058","X 16674259",222747808
"2059","X 16688682",222762231
"2060","X 19509884",225583433
"2061","X 9159285",215232834
"2062","X 9160063",215233612
"2063","X 9169799",215243348
"2064","X 9171071",215244620
"2065","X 9171140",215244689
"2066","X 9176770",215250319
"2067","X 9194066",215267615
"2068","X 9196936",215270485
"2069","X 9197546",215271095
"2070","X 9233305",215306854
"2071","X 9233416",215306965
"2072","X 9233552",215307101
"2073","X 9233702",215307251
"2074","X 9235961",215309510
"2075","X 9241160",215314709
"2076","X 9250194",215323743
"2077","X 9253005",215326554
"2078","X 9254756",215328305
"2079","X 9258923",215332472
"2080","X 9260836",215334385
"2081","X 9262537",215336086
"2082","X 9263521",215337070
"2083","X 9264276",215337825
"2084","X 9264495",215338044
"2085","X 9266319",215339868
"2086","X 9266822",215340371
"2087","X 9268421",215341970
"2088","X 9271504",215345053
