"","chrom","pos"
"79793","2L",14988567
"81515","2L",15070253
"87684","2L",15360396
"172524","2L",20348978
"196484","2L",22862935
"230056","2L",26165411
"235007","2L",26636210
"244390","2L",27386269
"249350","2L",27782360
"273504","2L",29521233
"291207","2L",30995642
"352391","2L",35313690
"374109","2L",36774398
"379043","2L",37107865
"415469","2L",39885237
"416069","2L",39931646
"416941","2L",40011161
"422724","2L",40555644
"469335","2L",43620842
"624527","2L",9045607
"624550","2L",9046728
"624562","2L",9047590
"624690","2L",9058044
"624694","2L",9058153
"624754","2L",9060725
"624983","2L",9075388
"624992","2L",9076262
"624998","2L",9077904
"650055","2R",10867343
"650251","2R",10877974
"676413","2R",12302081
"700007","2R",13613446
"704276","2R",13876650
"704277","2R",13876656
"710227","2R",1424908
"725672","2R",15112779
"752724","2R",16606349
"764431","2R",17354851
"767258","2R",17516670
"794921","2R",19059426
"795555","2R",19093729
"795639","2R",19097916
"795641","2R",19097963
"798895","2R",19246916
"800107","2R",19301485
"800362","2R",19312305
"802153","2R",19401496
"802325","2R",19408304
"802861","2R",19439483
"803648","2R",19482708
"804814","2R",19553057
"806576","2R",19682124
"810104","2R",19884083
"810111","2R",19884291
"810117","2R",19884793
"810118","2R",19884798
"810439","2R",19899666
"810450","2R",19899929
"810978","2R",19928374
"812242","2R",20000307
"812518","2R",20013865
"812934","2R",20037482
"815298","2R",20141476
"815549","2R",20153543
"815868","2R",20166574
"816001","2R",20173029
"816502","2R",20197500
"817934","2R",20266064
"817954","2R",20267325
"819409","2R",20347477
"819986","2R",20379751
"820060","2R",20383483
"820423","2R",20416662
"821542","2R",20476605
"822440","2R",20520734
"825725","2R",20690043
"825726","2R",20690054
"825727","2R",20690057
"825895","2R",20699445
"826728","2R",20747744
"827314","2R",20782943
"830243","2R",20921224
"832275","2R",21003022
"833262","2R",21041656
"834688","2R",21097309
"837896","2R",21229888
"838654","2R",21278290
"838655","2R",21278291
"839632","2R",21326022
"842239","2R",21466797
"842972","2R",21516793
"843609","2R",21550612
"844422","2R",21590231
"845089","2R",21632102
"846876","2R",21737576
"847366","2R",21758659
"848101","2R",21788507
"848739","2R",21818784
"850272","2R",21889767
"857623","2R",22293586
"857769","2R",22298079
"858361","2R",22336061
"859831","2R",22433635
"860891","2R",22487726
"861383","2R",22519366
"862643","2R",22586893
"866809","2R",22776277
"867059","2R",22788454
"867254","2R",22799675
"868842","2R",22866707
"869546","2R",22898301
"869767","2R",22911511
"874965","2R",23151656
"874995","2R",23153187
"875156","2R",23161304
"876352","2R",23224781
"876924","2R",23249858
"877029","2R",23256252
"877637","2R",23281365
"877966","2R",23296026
"878039","2R",23309434
"879092","2R",23355850
"879429","2R",23372615
"880324","2R",23419549
"882183","2R",23507353
"882290","2R",23511552
"883679","2R",23577491
"889255","2R",23861663
"890082","2R",23907477
"891862","2R",23999218
"893050","2R",24058317
"894202","2R",24116116
"898022","2R",24319942
"898123","2R",24327293
"898417","2R",24340259
"898510","2R",24344801
"900343","2R",24427686
"900566","2R",24437767
"900715","2R",24443173
"900730","2R",24443714
"900856","2R",24448915
"901750","2R",24502572
"902779","2R",24543698
"903034","2R",24560134
"903220","2R",24566224
"903981","2R",24604380
"904031","2R",24608096
"904150","2R",24618812
"904151","2R",24618814
"904295","2R",24626552
"904633","2R",24639329
"906632","2R",24727572
"908115","2R",24796544
"908315","2R",24807396
"911963","2R",24989068
"912598","2R",25020588
"913786","2R",2508227
"913977","2R",25094942
"913987","2R",25096123
"914222","2R",25107938
"914670","2R",25135033
"918336","2R",25315447
"921886","2R",25512280
"922205","2R",25531987
"922460","2R",25543744
"923414","2R",25594631
"928876","2R",25858759
"929151","2R",25871885
"929698","2R",25901468
"929699","2R",25901469
"929774","2R",25904692
"933647","2R",26118585
"935102","2R",26195042
"935438","2R",26213053
"937003","2R",26282239
"938109","2R",26341344
"938641","2R",26367234
"939980","2R",26444108
"940450","2R",26460390
"941954","2R",26555997
"942777","2R",26590940
"944219","2R",26658877
"944673","2R",26681908
"952026","2R",27020385
"984813","2R",28524123
"986905","2R",28616457
"1003859","2R",29313873
"1028879","2R",30472770
"1037200","2R",30922838
"1079230","2R",33553803
"1080068","2R",3359420
"1105901","2R",35175185
"1110340","2R",35406191
"1113245","2R",35557720
"1129284","2R",36493217
"1145155","2R",37357513
"1175287","2R",39262170
"1187859","2R",39829026
"1189733","2R",3991178
"1201735","2R",40481676
"1206837","2R",40697816
"1221984","2R",4177318
"1223025","2R",41818356
"1223223","2R",41845894
"1227615","2R",42132533
"1254785","2R",43624207
"1266132","2R",44364248
"1293214","2R",46188998
"1298216","2R",46404137
"1321143","2R",47483974
"1324297","2R",47666426
"1335174","2R",48265824
"1337889","2R",48409871
"1338355","2R",48433618
"1338786","2R",48463532
"1341299","2R",48597058
"1365783","2R",50020116
"1368009","2R",5012009
"1434613","2R",5429926
"1452316","2R",55462600
"1462690","2R",56160052
"1467333","2R",56431880
"1468236","2R",56493870
"1473632","2R",56826008
"1480249","2R",57243617
"1484511","2R",57541910
"1484520","2R",57542387
"1504431","2R",5948751
"1528104","2R",6828083
"1578983","2R",9457127
"1585882","3L",10201246
"1588143","3L",10384933
"1593185","3L",10694422
"1601044","3L",11365934
"1610090","3L",12020664
"1610317","3L",12040862
"1610997","3L",12084522
"1619105","3L",12566792
"1629730","3L",13269387
"1629979","3L",13290790
"1636644","3L",13755248
"1639747","3L",14063564
"1647701","3L",14549713
"1647733","3L",14551073
"1647982","3L",14571933
"1650349","3L",14735658
"1655763","3L",15062829
"1658301","3L",15234127
"1659288","3L",15303568
"1659305","3L",15304178
"1661717","3L",15429634
"1663162","3L",15538170
"1667984","3L",15990567
"1668340","3L",16029460
"1668527","3L",16041705
"1670234","3L",16305267
"1670235","3L",16305283
"1671230","3L",16365426
"1675084","3L",16592292
"1678617","3L",16779165
"1683594","3L",17035709
"1686386","3L",17197063
"1690156","3L",17380526
"1693424","3L",17582515
"1707840","3L",18527866
"1714247","3L",18917182
"1719573","3L",19245707
"1725570","3L",19570599
"1731414","3L",19921840
"1733474","3L",20061126
"1734793","3L",20144240
"1742768","3L",20740343
"1748657","3L",21162480
"1748978","3L",21177586
"1749581","3L",21201040
"1751262","3L",21301224
"1754892","3L",21546805
"1759934","3L",21920638
"1766529","3L",22352904
"1769920","3L",22586209
"1780596","3L",23236295
"1794238","3L",24263705
"1795003","3L",24304544
"1800792","3L",24820575
"1802518","3L",24919631
"1808000","3L",25271213
"1813153","3L",25677003
"1817768","3L",26013760
"1817859","3L",26018640
"1822183","3L",26305153
"1826421","3L",26630163
"1826787","3L",26658429
"1828552","3L",26753346
"1829801","3L",26841504
"1842493","3L",27702459
"1842783","3L",27728838
"1848303","3L",28056397
"1850157","3L",28186560
"1859594","3L",28868894
"1860324","3L",28910762
"1861869","3L",29011489
"1863927","3L",29190860
"1864111","3L",29201681
"1865510","3L",29309235
"1865511","3L",29309249
"1870399","3L",29613659
"1871686","3L",29703137
"1871687","3L",29703140
"1874096","3L",29855675
"1874660","3L",29882526
"1874661","3L",29882534
"1879773","3L",30257500
"1889314","3L",30849093
"1892263","3L",31055974
"1893109","3L",31143076
"1904447","3L",31827000
"1913596","3L",32452161
"1913682","3L",32456975
"1914611","3L",32512958
"1917210","3L",32683057
"1928555","3L",33399472
"1930756","3L",33540534
"1941378","3L",3425802
"1942093","3L",34298260
"1949398","3L",34732833
"1977470","3L",36700510
"1983662","3L",37073299
"1992723","3L",37747892
"1993590","3L",37801114
"1995268","3L",37911517
"1998984","3L",38109090
"2012605","3L",38953416
"2012606","3L",38953420
"2014757","3L",39080359
"2026452","3L",39717388
"2026453","3L",39717390
"2028704","3L",39830509
"2044797","3L",40747513
"2051817","3L",41221239
"2058314","3L",41610019
"2085031","3L",7614264
"2090814","3L",8283110
"2096171","3L",8676694
"2102467","3L",9322914
"2102507","3L",9325210
"2102743","3L",9340072
"2112671","3R",10192368
"2114109","3R",10254491
"2115994","3R",103441
"2130208","3R",11166049
"2135240","3R",11434017
"2170140","3R",13943137
"2171704","3R",1404933
"2172226","3R",1408673
"2188770","3R",1533034
"2190675","3R",15461121
"2198111","3R",1593275
"2203849","3R",1631488
"2214549","3R",17128870
"2219206","3R",17436152
"2220722","3R",17527231
"2225466","3R",1783259
"2230534","3R",1811827
"2263376","3R",20257405
"2292886","3R",22152525
"2297669","3R",22419929
"2298019","3R",22436400
"2320016","3R",23928715
"2326524","3R",24444340
"2335900","3R",25004195
"2346223","3R",25613705
"2350653","3R",25836471
"2350874","3R",25846245
"2395923","3R",28168383
"2405189","3R",28656028
"2409684","3R",28856116
"2411550","3R",28942733
"2413562","3R",2902809
"2416119","3R",29153365
"2417153","3R",29208955
"2417156","3R",29209061
"2418167","3R",29254802
"2419494","3R",29318721
"2425906","3R",30125688
"2433592","3R",30495502
"2462766","3R",32249481
"2464108","3R",32318356
"2468127","3R",32878722
"2472397","3R",33103238
"2477435","3R",33466590
"2497567","3R",34692255
"2508707","3R",35302657
"2524340","3R",36212982
"2525524","3R",36282423
"2535905","3R",36993230
"2537905","3R",37097391
"2541219","3R",37299446
"2541883","3R",37334771
"2546322","3R",37668499
"2551687","3R",37999270
"2560523","3R",38557248
"2564578","3R",38799931
"2567637","3R",38960264
"2594705","3R",41641073
"2609628","3R",42355586
"2614018","3R",42584133
"2620678","3R",4289944
"2625230","3R",4321183
"2625678","3R",43245662
"2651286","3R",44490010
"2655401","3R",44740258
"2682538","3R",46580820
"2684774","3R",46721807
"2686767","3R",46916398
"2686768","3R",46916399
"2686769","3R",46916411
"2687383","3R",4697122
"2688660","3R",47048552
"2689087","3R",47073621
"2689996","3R",47115283
"2703436","3R",4804485
"2710210","3R",48575684
"2720834","3R",4952715
"2721190","3R",49583335
"2721192","3R",49583357
"2731055","3R",50193997
"2731416","3R",50209545
"2733367","3R",5031477
"2747486","3R",51374369
"2748691","3R",51465827
"2748700","3R",51466286
"2750263","3R",5159682
"2770601","3R",5875500
"2778912","3R",633078
"2786783","3R",674099
"2789297","3R",6866815
"2792631","3R",7036600
"2805662","3R",7745430
"2806673","3R",789328
"2806903","3R",7904369
"2806912","3R",7904852
"2809438","3R",806432
"2817876","3R",8483979
"2820206","3R",858776
"2822195","3R",868307
"2835692","3R",9388048
"2837357","3R",9467037
"2837628","3R",9481911
"2842911","3R",9823036
"2922930","X",1670020
"2945136","X",1950494
"2968870","X",326550
"2979465","X",4272104
"2987905","X",5061054
"3036032","X",9254857
"3036113","X",9260759
"3036138","X",9262537
"3041105","X",9683361
"3043477","X",9892205
